date,team,group,elo,win_group,reach_r32,reach_r16,reach_qf,reach_sf,reach_final,reach_champion
2026-06-11,Spain,H,2196,0.80068,0.9934,0.77772,0.57838,0.46262,0.32262,0.21384
2026-06-11,Argentina,J,2155,0.751,0.9763,0.67138,0.51746,0.3593,0.22634,0.13126
2026-06-11,France,I,2149,0.61598,0.95658,0.7363,0.50816,0.34342,0.20472,0.12236
2026-06-11,England,L,2117,0.65204,0.9657,0.68948,0.44258,0.27434,0.16164,0.08648
2026-06-11,Brazil,C,2100,0.56754,0.94598,0.62134,0.39356,0.22882,0.12434,0.0646
2026-06-11,Portugal,K,2087,0.51104,0.93366,0.6368,0.3859,0.22336,0.12212,0.0616
2026-06-11,Germany,E,2052,0.49546,0.93048,0.58206,0.3006,0.1644,0.07652,0.03552
2026-06-11,Mexico,A,1933,0.59902,0.93604,0.6085,0.32316,0.15908,0.07552,0.03286
2026-06-11,Colombia,K,2043,0.37612,0.88882,0.54572,0.28476,0.14932,0.07254,0.03086
2026-06-11,Netherlands,F,2044,0.46066,0.89274,0.4928,0.29574,0.14942,0.06776,0.03012
2026-06-11,Norway,I,2010,0.21976,0.78912,0.45132,0.23208,0.10888,0.04596,0.01886
2026-06-11,Ecuador,E,2008,0.36068,0.8845,0.49082,0.23248,0.11162,0.04662,0.01846
2026-06-11,Japan,F,2006,0.35144,0.83616,0.42306,0.22866,0.10612,0.04356,0.01722
2026-06-11,Morocco,C,2003,0.28698,0.83722,0.43772,0.22962,0.10494,0.04272,0.01646
2026-06-11,Belgium,G,1990,0.4768,0.88044,0.52132,0.2616,0.1026,0.04208,0.01608
2026-06-11,Uruguay,H,1984,0.16664,0.85482,0.35664,0.19004,0.0917,0.03786,0.01318
2026-06-11,Switzerland,B,1971,0.43482,0.91464,0.53,0.24072,0.09678,0.037,0.01316
2026-06-11,Canada,B,1864,0.44698,0.91566,0.53204,0.2428,0.09484,0.03568,0.01236
2026-06-11,Turkey,D,1974,0.30826,0.75448,0.42486,0.20102,0.07606,0.03022,0.0111
2026-06-11,Croatia,L,1976,0.22756,0.81426,0.39984,0.1674,0.07482,0.03036,0.01088
2026-06-11,United States,D,1859,0.3019,0.74494,0.41164,0.1902,0.07214,0.02748,0.00946
2026-06-11,Senegal,I,1955,0.13524,0.6665,0.33092,0.14674,0.0572,0.02102,0.00704
2026-06-11,Paraguay,D,1920,0.20864,0.64114,0.3104,0.11986,0.0388,0.01234,0.00382
2026-06-11,Austria,J,1922,0.11464,0.65576,0.2102,0.09164,0.0332,0.01118,0.00302
2026-06-11,Australia,D,1901,0.1812,0.59934,0.26858,0.09662,0.02926,0.00954,0.00276
2026-06-11,Iran,G,1894,0.23688,0.72124,0.31966,0.11294,0.03316,0.00916,0.00246
2026-06-11,South Korea,A,1896,0.19634,0.71518,0.33362,0.11938,0.03428,0.00984,0.00246
2026-06-11,Algeria,J,1903,0.09658,0.60828,0.18786,0.07908,0.02714,0.0085,0.00202
2026-06-11,Scotland,C,1894,0.10924,0.59042,0.22038,0.0817,0.02582,0.00688,0.00194
2026-06-11,Sweden,F,1874,0.11834,0.55694,0.18586,0.06602,0.01942,0.00496,0.00144
2026-06-11,Czech Republic,A,1863,0.14608,0.6414,0.27158,0.08838,0.02286,0.00564,0.00138
2026-06-11,Egypt,G,1864,0.18618,0.65156,0.26314,0.08238,0.02012,0.0052,0.00118
2026-06-11,Panama,L,1848,0.09316,0.59226,0.2009,0.0621,0.01916,0.00546,0.00116
2026-06-11,Ivory Coast,E,1876,0.11742,0.62108,0.23182,0.0744,0.021,0.00508,0.00106
2026-06-11,Uzbekistan,K,1845,0.06386,0.44556,0.1357,0.03772,0.01002,0.0025,0.00034
2026-06-11,Tunisia,F,1823,0.06956,0.41412,0.11382,0.03274,0.0071,0.00144,0.00022
2026-06-11,Jordan,J,1817,0.03778,0.38672,0.089,0.02718,0.00592,0.0012,0.00016
2026-06-11,Iraq,I,1810,0.02902,0.26394,0.07964,0.02166,0.00454,0.00076,0.00012
2026-06-11,Bosnia and Herzegovina,B,1779,0.08026,0.5165,0.1575,0.0386,0.0057,0.001,0.0001
2026-06-11,DR Congo,K,1823,0.04898,0.3829,0.10402,0.0253,0.00596,0.00092,0.0001
2026-06-11,Saudi Arabia,H,1787,0.01856,0.3676,0.0766,0.02206,0.00424,0.00058,0.0001
2026-06-11,South Africa,A,1769,0.05856,0.3896,0.1178,0.02636,0.00392,0.00074,8e-05
2026-06-11,Cape Verde,H,1762,0.01412,0.30888,0.05732,0.01478,0.00226,0.00034,8e-05
2026-06-11,New Zealand,G,1793,0.10014,0.46468,0.14094,0.0322,0.00588,0.0009,8e-05
2026-06-11,Ghana,L,1768,0.02724,0.28236,0.05504,0.01136,0.00224,0.00036,8e-05
2026-06-11,Haiti,C,1761,0.03624,0.3026,0.07408,0.01934,0.00332,0.0005,6e-05
2026-06-11,Curaçao,E,1712,0.02644,0.24968,0.05156,0.01006,0.00132,0.0002,2e-05
2026-06-11,Qatar,B,1710,0.03794,0.31782,0.0707,0.01248,0.00158,0.0001,0.0
2026-06-12,Spain,H,2196,0.80158,0.99306,0.7713,0.5721,0.4579,0.31768,0.2085
2026-06-12,Argentina,J,2155,0.74936,0.97626,0.67844,0.52426,0.36544,0.23016,0.1351
2026-06-12,France,I,2149,0.61902,0.95582,0.73598,0.50664,0.34378,0.20504,0.1239
2026-06-12,England,L,2117,0.64708,0.96444,0.69194,0.43438,0.26856,0.15486,0.08232
2026-06-12,Brazil,C,2100,0.57594,0.94626,0.61828,0.39172,0.22774,0.12346,0.06402
2026-06-12,Portugal,K,2087,0.5143,0.93546,0.63372,0.38768,0.22422,0.12062,0.06168
2026-06-12,Mexico,A,1941,0.67822,0.99176,0.65876,0.35128,0.17744,0.0841,0.03804
2026-06-12,Germany,E,2052,0.49364,0.93028,0.57884,0.30134,0.16562,0.07828,0.036
2026-06-12,Colombia,K,2043,0.37672,0.8893,0.5418,0.28242,0.14958,0.0712,0.03156
2026-06-12,Netherlands,F,2044,0.46342,0.89414,0.4954,0.29124,0.14472,0.06724,0.03058
2026-06-12,Ecuador,E,2008,0.363,0.88422,0.48938,0.22994,0.10972,0.04522,0.01774
2026-06-12,Norway,I,2010,0.21814,0.79136,0.45324,0.23012,0.10678,0.04584,0.0173
2026-06-12,Morocco,C,2003,0.28048,0.83384,0.43272,0.22844,0.10324,0.04296,0.01676
2026-06-12,Japan,F,2006,0.3485,0.84186,0.42044,0.22444,0.10182,0.0422,0.0167
2026-06-12,Belgium,G,1990,0.47608,0.8795,0.52826,0.26494,0.10234,0.04404,0.0166
2026-06-12,Uruguay,H,1984,0.16516,0.85406,0.35332,0.18586,0.08824,0.03632,0.0127
2026-06-12,Canada,B,1864,0.44624,0.91468,0.51926,0.2379,0.09364,0.03414,0.01212
2026-06-12,Switzerland,B,1971,0.43516,0.91302,0.5166,0.23758,0.092,0.035,0.01184
2026-06-12,Turkey,D,1974,0.3075,0.75408,0.42338,0.20144,0.07768,0.03212,0.01166
2026-06-12,Croatia,L,1976,0.22842,0.81316,0.40042,0.163,0.07406,0.03056,0.01056
2026-06-12,United States,D,1859,0.2998,0.7465,0.4124,0.1938,0.07178,0.02788,0.00924
2026-06-12,Senegal,I,1955,0.1363,0.66554,0.32352,0.13992,0.05384,0.01882,0.0063
2026-06-12,South Korea,A,1920,0.29078,0.95196,0.48332,0.18458,0.06164,0.01924,0.0057
2026-06-12,Paraguay,D,1920,0.21088,0.64634,0.3092,0.11872,0.03818,0.01282,0.00358
2026-06-12,Austria,J,1922,0.1147,0.65484,0.21402,0.09336,0.03472,0.01158,0.00332
2026-06-12,Iran,G,1894,0.2372,0.71604,0.32386,0.11246,0.03262,0.0094,0.00246
2026-06-12,Australia,D,1901,0.18182,0.59942,0.26982,0.09922,0.02948,0.00874,0.00228
2026-06-12,Algeria,J,1903,0.09512,0.60862,0.18652,0.07834,0.026,0.00804,0.00214
2026-06-12,Scotland,C,1894,0.10848,0.5895,0.21808,0.08186,0.02556,0.00702,0.00194
2026-06-12,Egypt,G,1864,0.1865,0.6523,0.26732,0.08136,0.02058,0.00524,0.00144
2026-06-12,Ivory Coast,E,1876,0.1175,0.62048,0.22982,0.0741,0.02032,0.0056,0.00136
2026-06-12,Panama,L,1848,0.09692,0.595,0.20146,0.06184,0.01962,0.0054,0.00126
2026-06-12,Sweden,F,1874,0.11846,0.5542,0.18492,0.06526,0.01826,0.00446,0.00096
2026-06-12,Uzbekistan,K,1845,0.06062,0.44478,0.13512,0.03616,0.00972,0.00228,0.00054
2026-06-12,Czech Republic,A,1840,0.0219,0.43606,0.1656,0.05468,0.01102,0.00262,0.00036
2026-06-12,DR Congo,K,1823,0.04836,0.38258,0.10384,0.02614,0.00642,0.00158,0.00028
2026-06-12,Bosnia and Herzegovina,B,1779,0.08252,0.52302,0.15594,0.03716,0.00576,0.00086,0.0002
2026-06-12,Jordan,J,1817,0.04082,0.389,0.08668,0.02688,0.00632,0.00122,0.0002
2026-06-12,Tunisia,F,1823,0.06962,0.413,0.11018,0.03134,0.00654,0.00116,0.00018
2026-06-12,New Zealand,G,1793,0.10022,0.47042,0.14476,0.03226,0.00588,0.00098,0.00016
2026-06-12,Iraq,I,1810,0.02654,0.26498,0.0795,0.0212,0.0045,0.00104,0.00014
2026-06-12,Haiti,C,1761,0.0351,0.30664,0.0688,0.01722,0.00324,0.00066,8e-05
2026-06-12,Saudi Arabia,H,1787,0.0196,0.37202,0.07344,0.02136,0.0043,0.00078,6e-05
2026-06-12,Cape Verde,H,1762,0.01366,0.31038,0.05666,0.01352,0.00198,0.00038,4e-05
2026-06-12,South Africa,A,1762,0.0091,0.28234,0.08048,0.0181,0.00242,0.00034,4e-05
2026-06-12,Qatar,B,1710,0.03608,0.3167,0.06804,0.01224,0.00128,8e-05,2e-05
2026-06-12,Curaçao,E,1712,0.02586,0.25028,0.05052,0.00942,0.00134,0.0003,2e-05
2026-06-12,Ghana,L,1768,0.02758,0.2805,0.0547,0.01078,0.00216,0.00044,2e-05
2026-06-13,Spain,H,2196,0.8029,0.99338,0.77454,0.5741,0.44646,0.3081,0.20474
2026-06-13,Argentina,J,2155,0.75068,0.9764,0.67446,0.51352,0.35746,0.22252,0.13008
2026-06-13,France,I,2149,0.61924,0.95776,0.73492,0.50926,0.34272,0.20486,0.12244
2026-06-13,England,L,2117,0.65114,0.9647,0.68826,0.42922,0.26188,0.15204,0.08184
2026-06-13,Brazil,C,2100,0.56942,0.94508,0.61714,0.3888,0.22736,0.12322,0.06348
2026-06-13,Portugal,K,2087,0.5155,0.93656,0.63962,0.39158,0.22142,0.1191,0.05916
2026-06-13,Mexico,A,1941,0.67574,0.99184,0.66678,0.3549,0.17962,0.08782,0.03938
2026-06-13,Germany,E,2052,0.49384,0.92986,0.57812,0.2998,0.1655,0.07782,0.03562
2026-06-13,Colombia,K,2043,0.37494,0.88954,0.54526,0.28806,0.1492,0.07336,0.03218
2026-06-13,Netherlands,F,2044,0.46216,0.89276,0.49504,0.29672,0.14906,0.06734,0.0306
2026-06-13,United States,D,1910,0.62546,0.98496,0.63582,0.35678,0.15028,0.07006,0.0298
2026-06-13,Ecuador,E,2008,0.36452,0.88676,0.49218,0.2319,0.11328,0.04724,0.01962
2026-06-13,Norway,I,2010,0.22036,0.79068,0.44988,0.22962,0.10832,0.0457,0.01792
2026-06-13,Morocco,C,2003,0.28618,0.8345,0.43326,0.22872,0.10602,0.04308,0.01678
2026-06-13,Japan,F,2006,0.34992,0.83902,0.4186,0.22416,0.1008,0.04176,0.01658
2026-06-13,Belgium,G,1990,0.47316,0.87922,0.5253,0.25076,0.09754,0.04108,0.01508
2026-06-13,Uruguay,H,1984,0.16378,0.85674,0.35586,0.18578,0.0881,0.03748,0.01258
2026-06-13,Switzerland,B,1971,0.51508,0.90466,0.5109,0.23118,0.09008,0.03426,0.01192
2026-06-13,Croatia,L,1976,0.22884,0.81106,0.40238,0.16678,0.07502,0.03004,0.0107
2026-06-13,Turkey,D,1974,0.22652,0.77062,0.4295,0.1908,0.07588,0.03042,0.0105
2026-06-13,Canada,B,1842,0.31128,0.84592,0.44804,0.19142,0.0679,0.02416,0.008
2026-06-13,Senegal,I,1955,0.13384,0.67178,0.32998,0.14468,0.05584,0.01902,0.00612
2026-06-13,South Korea,A,1920,0.29296,0.95158,0.4932,0.18856,0.06176,0.01874,0.0056
2026-06-13,Austria,J,1922,0.11276,0.65476,0.20988,0.09162,0.03356,0.01194,0.00366
2026-06-13,Iran,G,1894,0.23752,0.72218,0.32752,0.11162,0.0318,0.00916,0.00242
2026-06-13,Australia,D,1901,0.12836,0.61768,0.26998,0.09418,0.02976,0.00808,0.00206
2026-06-13,Scotland,C,1894,0.10834,0.59556,0.21782,0.0832,0.02548,0.00712,0.0017
2026-06-13,Algeria,J,1903,0.09706,0.61398,0.18456,0.07458,0.02456,0.0074,0.00166
2026-06-13,Ivory Coast,E,1876,0.11634,0.62306,0.22786,0.07458,0.02072,0.00554,0.00136
2026-06-13,Panama,L,1848,0.0932,0.59292,0.20132,0.06322,0.01958,0.0053,0.00124
2026-06-13,Sweden,F,1874,0.11756,0.5539,0.18162,0.06292,0.01788,0.00476,0.00116
2026-06-13,Egypt,G,1864,0.1895,0.6536,0.2627,0.07788,0.02024,0.00482,0.00108
2026-06-13,Uzbekistan,K,1845,0.06234,0.448,0.13496,0.03606,0.00984,0.00206,0.00056
2026-06-13,Paraguay,D,1869,0.01966,0.32186,0.1113,0.03356,0.0107,0.00248,0.00048
2026-06-13,Czech Republic,A,1840,0.0232,0.43736,0.1688,0.05076,0.0107,0.00228,0.0004
2026-06-13,Tunisia,F,1823,0.07036,0.41576,0.10998,0.03166,0.0073,0.00144,0.00026
2026-06-13,Bosnia and Herzegovina,B,1802,0.12076,0.63046,0.19682,0.04954,0.00968,0.00164,0.00024
2026-06-13,DR Congo,K,1823,0.04722,0.37746,0.10424,0.02448,0.00566,0.00146,0.00024
2026-06-13,Saudi Arabia,H,1787,0.01938,0.36866,0.07372,0.01828,0.0031,0.00062,0.00016
2026-06-13,New Zealand,G,1793,0.09982,0.46974,0.14338,0.03154,0.00618,0.0011,0.00016
2026-06-13,Jordan,J,1817,0.0395,0.38694,0.08366,0.02442,0.00556,0.00112,0.00016
2026-06-13,Haiti,C,1761,0.03606,0.3058,0.06932,0.01838,0.00332,0.00046,0.0001
2026-06-13,Cape Verde,H,1762,0.01394,0.30844,0.05558,0.0126,0.00204,0.0003,6e-05
2026-06-13,Iraq,I,1810,0.02656,0.2646,0.07524,0.0198,0.0039,0.00072,4e-05
2026-06-13,Ghana,L,1768,0.02682,0.28592,0.05604,0.01124,0.00212,0.00034,4e-05
2026-06-13,South Africa,A,1762,0.0081,0.28096,0.0827,0.01706,0.00246,0.00032,2e-05
2026-06-13,Qatar,B,1710,0.05288,0.31656,0.062,0.01042,0.00106,0.00012,2e-05
2026-06-13,Curaçao,E,1712,0.0253,0.24846,0.04996,0.0093,0.0013,0.0002,0.0
2026-06-15,Spain,H,2196,0.80626,0.99282,0.7751,0.57818,0.45464,0.31488,0.20752
2026-06-15,Argentina,J,2155,0.75058,0.97566,0.67498,0.51166,0.35766,0.22796,0.13242
2026-06-15,France,I,2149,0.6132,0.9551,0.73084,0.49952,0.33992,0.201,0.12058
2026-06-15,England,L,2117,0.65166,0.964,0.68688,0.42524,0.26668,0.15326,0.08104
2026-06-15,Portugal,K,2087,0.5138,0.93344,0.62828,0.3885,0.21986,0.12164,0.06046
2026-06-15,Brazil,C,2093,0.47304,0.93858,0.58282,0.37454,0.21294,0.11338,0.0593
2026-06-15,Germany,E,2063,0.6904,0.99722,0.62144,0.3269,0.18644,0.088,0.04336
2026-06-15,Mexico,A,1941,0.67924,0.99008,0.6559,0.35238,0.18084,0.08704,0.03892
2026-06-15,Colombia,K,2043,0.37588,0.886,0.53928,0.28552,0.14976,0.07366,0.033
2026-06-15,Netherlands,F,2042,0.35188,0.90264,0.48298,0.28102,0.14276,0.06526,0.0288
2026-06-15,United States,D,1910,0.6058,0.9877,0.63148,0.351,0.14756,0.06838,0.02868
2026-06-15,Morocco,C,2010,0.29236,0.87636,0.4525,0.24744,0.11426,0.04862,0.01962
2026-06-15,Norway,I,2010,0.21942,0.78206,0.44296,0.2213,0.1039,0.04446,0.01798
2026-06-15,Japan,F,2007,0.2909,0.8713,0.42428,0.22566,0.10168,0.04078,0.0167
2026-06-15,Belgium,G,1990,0.47542,0.8774,0.52328,0.24662,0.09478,0.0409,0.01608
2026-06-15,Uruguay,H,1984,0.16198,0.84976,0.35222,0.1857,0.08672,0.03646,0.01304
2026-06-15,Australia,D,1955,0.35518,0.96,0.52874,0.2253,0.08298,0.03132,0.01058
2026-06-15,Croatia,L,1976,0.22782,0.80984,0.40006,0.16504,0.07438,0.02932,0.01032
2026-06-15,Canada,B,1842,0.3964,0.82374,0.4331,0.1879,0.06566,0.02308,0.00754
2026-06-15,Senegal,I,1955,0.13914,0.66246,0.3296,0.1455,0.058,0.02084,0.00742
2026-06-15,Switzerland,B,1947,0.3401,0.76038,0.3986,0.1705,0.06014,0.02078,0.00714
2026-06-15,Ecuador,E,1961,0.02586,0.66014,0.30542,0.13878,0.05374,0.02032,0.00664
2026-06-15,Sweden,F,1925,0.34992,0.97382,0.38552,0.16502,0.0569,0.01882,0.00562
2026-06-15,South Korea,A,1920,0.28862,0.94556,0.497,0.1883,0.06214,0.0184,0.00486
2026-06-15,Ivory Coast,E,1922,0.28072,0.95836,0.39978,0.14444,0.05404,0.01692,0.00412
2026-06-15,Austria,J,1922,0.11292,0.64866,0.20824,0.09004,0.0343,0.01198,0.00356
2026-06-15,Scotland,C,1913,0.22638,0.8478,0.32782,0.13352,0.0443,0.01234,0.00346
2026-06-15,Iran,G,1894,0.234,0.70936,0.32204,0.10856,0.03106,0.00934,0.0022
2026-06-15,Algeria,J,1903,0.09602,0.5964,0.1797,0.07264,0.02438,0.00768,0.0019
2026-06-15,Turkey,D,1921,0.02368,0.4156,0.16646,0.06124,0.0223,0.00674,0.00184
2026-06-15,Egypt,G,1864,0.19004,0.65092,0.26804,0.0795,0.01956,0.00568,0.00114
2026-06-15,Panama,L,1848,0.09392,0.58756,0.20172,0.06348,0.01972,0.00566,0.00112
2026-06-15,Paraguay,D,1869,0.01534,0.31066,0.1064,0.03148,0.01,0.00244,0.00074
2026-06-15,Czech Republic,A,1840,0.02298,0.41982,0.16582,0.0505,0.01036,0.0023,0.00046
2026-06-15,Uzbekistan,K,1845,0.0621,0.43916,0.1339,0.03662,0.01006,0.002,0.00038
2026-06-15,Bosnia and Herzegovina,B,1802,0.1679,0.6169,0.2003,0.05108,0.00958,0.00154,0.00028
2026-06-15,Jordan,J,1817,0.04048,0.38214,0.08326,0.02358,0.00524,0.00102,0.00026
2026-06-15,DR Congo,K,1823,0.04822,0.37702,0.10536,0.02468,0.00608,0.00122,0.00024
2026-06-15,Saudi Arabia,H,1787,0.01718,0.35936,0.07044,0.0184,0.0037,0.00088,0.00014
2026-06-15,New Zealand,G,1793,0.10054,0.46328,0.14468,0.03086,0.0056,0.00112,0.00012
2026-06-15,Qatar,B,1734,0.0956,0.4462,0.10496,0.01946,0.0024,0.00036,0.00012
2026-06-15,Iraq,I,1810,0.02824,0.25962,0.07932,0.01934,0.00414,0.00076,0.0001
2026-06-15,Ghana,L,1768,0.0266,0.27464,0.05382,0.01174,0.00226,0.0004,0.0001
2026-06-15,South Africa,A,1762,0.00916,0.27588,0.083,0.01744,0.00236,0.00038,4e-05
2026-06-15,Cape Verde,H,1762,0.01458,0.29972,0.05508,0.01276,0.00248,0.00036,4e-05
2026-06-15,Haiti,C,1742,0.00822,0.1069,0.02058,0.00434,0.0008,8e-05,2e-05
2026-06-15,Tunisia,F,1772,0.0073,0.08118,0.01866,0.004,0.00062,0.0002,0.0
2026-06-15,Curaçao,E,1700,0.00302,0.0968,0.01736,0.00278,0.00032,4e-05,0.0
2026-06-16,Spain,H,2196,0.80626,0.99282,0.7751,0.57818,0.45464,0.31488,0.20752
2026-06-16,Argentina,J,2155,0.75058,0.97566,0.67498,0.51166,0.35766,0.22796,0.13242
2026-06-16,France,I,2149,0.6132,0.9551,0.73084,0.49952,0.33992,0.201,0.12058
2026-06-16,England,L,2117,0.65166,0.964,0.68688,0.42524,0.26668,0.15326,0.08104
2026-06-16,Portugal,K,2087,0.5138,0.93344,0.62828,0.3885,0.21986,0.12164,0.06046
2026-06-16,Brazil,C,2093,0.47304,0.93858,0.58282,0.37454,0.21294,0.11338,0.0593
2026-06-16,Germany,E,2063,0.6904,0.99722,0.62144,0.3269,0.18644,0.088,0.04336
2026-06-16,Mexico,A,1941,0.67924,0.99008,0.6559,0.35238,0.18084,0.08704,0.03892
2026-06-16,Colombia,K,2043,0.37588,0.886,0.53928,0.28552,0.14976,0.07366,0.033
2026-06-16,Netherlands,F,2042,0.35188,0.90264,0.48298,0.28102,0.14276,0.06526,0.0288
2026-06-16,United States,D,1910,0.6058,0.9877,0.63148,0.351,0.14756,0.06838,0.02868
2026-06-16,Morocco,C,2010,0.29236,0.87636,0.4525,0.24744,0.11426,0.04862,0.01962
2026-06-16,Norway,I,2010,0.21942,0.78206,0.44296,0.2213,0.1039,0.04446,0.01798
2026-06-16,Japan,F,2007,0.2909,0.8713,0.42428,0.22566,0.10168,0.04078,0.0167
2026-06-16,Belgium,G,1990,0.47542,0.8774,0.52328,0.24662,0.09478,0.0409,0.01608
2026-06-16,Uruguay,H,1984,0.16198,0.84976,0.35222,0.1857,0.08672,0.03646,0.01304
2026-06-16,Australia,D,1955,0.35518,0.96,0.52874,0.2253,0.08298,0.03132,0.01058
2026-06-16,Croatia,L,1976,0.22782,0.80984,0.40006,0.16504,0.07438,0.02932,0.01032
2026-06-16,Canada,B,1842,0.3964,0.82374,0.4331,0.1879,0.06566,0.02308,0.00754
2026-06-16,Senegal,I,1955,0.13914,0.66246,0.3296,0.1455,0.058,0.02084,0.00742
2026-06-16,Switzerland,B,1947,0.3401,0.76038,0.3986,0.1705,0.06014,0.02078,0.00714
2026-06-16,Ecuador,E,1961,0.02586,0.66014,0.30542,0.13878,0.05374,0.02032,0.00664
2026-06-16,Sweden,F,1925,0.34992,0.97382,0.38552,0.16502,0.0569,0.01882,0.00562
2026-06-16,South Korea,A,1920,0.28862,0.94556,0.497,0.1883,0.06214,0.0184,0.00486
2026-06-16,Ivory Coast,E,1922,0.28072,0.95836,0.39978,0.14444,0.05404,0.01692,0.00412
2026-06-16,Austria,J,1922,0.11292,0.64866,0.20824,0.09004,0.0343,0.01198,0.00356
2026-06-16,Scotland,C,1913,0.22638,0.8478,0.32782,0.13352,0.0443,0.01234,0.00346
2026-06-16,Iran,G,1894,0.234,0.70936,0.32204,0.10856,0.03106,0.00934,0.0022
2026-06-16,Algeria,J,1903,0.09602,0.5964,0.1797,0.07264,0.02438,0.00768,0.0019
2026-06-16,Turkey,D,1921,0.02368,0.4156,0.16646,0.06124,0.0223,0.00674,0.00184
2026-06-16,Egypt,G,1864,0.19004,0.65092,0.26804,0.0795,0.01956,0.00568,0.00114
2026-06-16,Panama,L,1848,0.09392,0.58756,0.20172,0.06348,0.01972,0.00566,0.00112
2026-06-16,Paraguay,D,1869,0.01534,0.31066,0.1064,0.03148,0.01,0.00244,0.00074
2026-06-16,Czech Republic,A,1840,0.02298,0.41982,0.16582,0.0505,0.01036,0.0023,0.00046
2026-06-16,Uzbekistan,K,1845,0.0621,0.43916,0.1339,0.03662,0.01006,0.002,0.00038
2026-06-16,Bosnia and Herzegovina,B,1802,0.1679,0.6169,0.2003,0.05108,0.00958,0.00154,0.00028
2026-06-16,Jordan,J,1817,0.04048,0.38214,0.08326,0.02358,0.00524,0.00102,0.00026
2026-06-16,DR Congo,K,1823,0.04822,0.37702,0.10536,0.02468,0.00608,0.00122,0.00024
2026-06-16,Saudi Arabia,H,1787,0.01718,0.35936,0.07044,0.0184,0.0037,0.00088,0.00014
2026-06-16,New Zealand,G,1793,0.10054,0.46328,0.14468,0.03086,0.0056,0.00112,0.00012
2026-06-16,Qatar,B,1734,0.0956,0.4462,0.10496,0.01946,0.0024,0.00036,0.00012
2026-06-16,Iraq,I,1810,0.02824,0.25962,0.07932,0.01934,0.00414,0.00076,0.0001
2026-06-16,Ghana,L,1768,0.0266,0.27464,0.05382,0.01174,0.00226,0.0004,0.0001
2026-06-16,South Africa,A,1762,0.00916,0.27588,0.083,0.01744,0.00236,0.00038,4e-05
2026-06-16,Cape Verde,H,1762,0.01458,0.29972,0.05508,0.01276,0.00248,0.00036,4e-05
2026-06-16,Haiti,C,1742,0.00822,0.1069,0.02058,0.00434,0.0008,8e-05,2e-05
2026-06-16,Tunisia,F,1772,0.0073,0.08118,0.01866,0.004,0.00062,0.0002,0.0
2026-06-16,Curaçao,E,1700,0.00302,0.0968,0.01736,0.00278,0.00032,4e-05,0.0
2026-06-17,Spain,H,2168,0.6763,0.95436,0.70462,0.5033,0.37796,0.2489,0.15698
2026-06-17,Argentina,J,2155,0.75092,0.9759,0.7165,0.54638,0.38252,0.24304,0.14598
2026-06-17,France,I,2149,0.6152,0.9531,0.72902,0.4916,0.3348,0.20784,0.12546
2026-06-17,England,L,2117,0.65452,0.96508,0.68728,0.4358,0.27206,0.15784,0.0875
2026-06-17,Portugal,K,2087,0.51642,0.93162,0.62846,0.40096,0.22896,0.12662,0.0651
2026-06-17,Brazil,C,2093,0.4705,0.93972,0.57928,0.37242,0.21178,0.1151,0.06168
2026-06-17,Germany,E,2063,0.6901,0.99658,0.62744,0.33274,0.18894,0.09702,0.0455
2026-06-17,Mexico,A,1941,0.67322,0.98966,0.656,0.35026,0.18042,0.08724,0.04028
2026-06-17,Colombia,K,2043,0.3743,0.8848,0.54114,0.30352,0.16124,0.07944,0.0353
2026-06-17,United States,D,1910,0.60508,0.9862,0.6293,0.35066,0.15772,0.07218,0.03176
2026-06-17,Netherlands,F,2042,0.35494,0.9058,0.4874,0.28268,0.14246,0.06762,0.0312
2026-06-17,Morocco,C,2010,0.28858,0.8704,0.4472,0.24408,0.11478,0.05072,0.02072
2026-06-17,Japan,F,2007,0.29024,0.87166,0.428,0.22796,0.1045,0.0446,0.01948
2026-06-17,Norway,I,2010,0.22004,0.78206,0.44596,0.2244,0.1068,0.04598,0.01844
2026-06-17,Belgium,G,1978,0.40902,0.8287,0.47378,0.21586,0.08712,0.03608,0.0129
2026-06-17,Australia,D,1955,0.35588,0.9589,0.52818,0.22768,0.08776,0.03326,0.0117
2026-06-17,Croatia,L,1976,0.22374,0.80508,0.39542,0.17408,0.08154,0.03228,0.01164
2026-06-17,Uruguay,H,1964,0.19048,0.69378,0.28796,0.13772,0.064,0.02434,0.00914
2026-06-17,Canada,B,1842,0.39512,0.82468,0.42886,0.18586,0.06686,0.02544,0.00868
2026-06-17,Ecuador,E,1961,0.02664,0.65214,0.30648,0.14078,0.0545,0.02032,0.00754
2026-06-17,Switzerland,B,1947,0.34082,0.76342,0.3921,0.16868,0.05932,0.02204,0.00746
2026-06-17,Senegal,I,1955,0.13658,0.66152,0.33032,0.1431,0.05682,0.02084,0.00724
2026-06-17,South Korea,A,1920,0.29436,0.94706,0.50086,0.19104,0.06456,0.02106,0.0063
2026-06-17,Ivory Coast,E,1922,0.2803,0.9571,0.40112,0.14862,0.05536,0.01826,0.00586
2026-06-17,Sweden,F,1925,0.34776,0.9714,0.38516,0.1652,0.05668,0.01808,0.00532
2026-06-17,Scotland,C,1913,0.23222,0.85084,0.32854,0.13354,0.04462,0.0144,0.00416
2026-06-17,Austria,J,1922,0.11602,0.64546,0.24278,0.10398,0.03878,0.01294,0.00356
2026-06-17,Algeria,J,1903,0.09394,0.6026,0.21032,0.08606,0.03118,0.0099,0.00268
2026-06-17,Turkey,D,1921,0.02384,0.41178,0.16194,0.05936,0.02272,0.00756,0.0022
2026-06-17,Iran,G,1881,0.21858,0.60604,0.26712,0.08818,0.02506,0.0073,0.00166
2026-06-17,Egypt,G,1876,0.2376,0.70236,0.3011,0.09562,0.02696,0.00684,0.00164
2026-06-17,Panama,L,1848,0.09538,0.5845,0.1969,0.06512,0.02056,0.00564,0.00114
2026-06-17,Paraguay,D,1869,0.0152,0.31134,0.10654,0.0324,0.0098,0.0027,0.00068
2026-06-17,Czech Republic,A,1840,0.0235,0.41964,0.16952,0.0534,0.01146,0.00284,0.00062
2026-06-17,DR Congo,K,1823,0.0482,0.37368,0.10194,0.02802,0.0078,0.00176,0.00052
2026-06-17,Uzbekistan,K,1845,0.06108,0.43684,0.13374,0.03906,0.0107,0.00244,0.00048
2026-06-17,Jordan,J,1817,0.03912,0.37806,0.09902,0.02788,0.00692,0.00178,0.00032
2026-06-17,Saudi Arabia,H,1807,0.05934,0.44136,0.0982,0.0269,0.00696,0.0014,0.00026
2026-06-17,Bosnia and Herzegovina,B,1802,0.168,0.61576,0.19584,0.04888,0.00896,0.0015,0.00024
2026-06-17,Iraq,I,1810,0.02818,0.25912,0.08018,0.02068,0.00426,0.00098,0.00022
2026-06-17,New Zealand,G,1806,0.1348,0.48336,0.16164,0.03808,0.00866,0.00146,0.0002
2026-06-17,Cape Verde,H,1790,0.07388,0.52374,0.10506,0.02792,0.00648,0.00114,0.00018
2026-06-17,Tunisia,F,1772,0.00706,0.08574,0.02072,0.00518,0.00088,8e-05,2e-05
2026-06-17,Curaçao,E,1700,0.00296,0.10266,0.01872,0.00328,0.00048,6e-05,2e-05
2026-06-17,Ghana,L,1768,0.02636,0.27356,0.05562,0.01262,0.00216,0.00042,2e-05
2026-06-17,South Africa,A,1762,0.00892,0.27162,0.08506,0.0165,0.00214,0.00048,2e-05
2026-06-17,Qatar,B,1734,0.09606,0.44548,0.10118,0.01772,0.00238,0.00018,0.0
2026-06-17,Haiti,C,1742,0.0087,0.10374,0.02048,0.00424,0.00062,6e-05,0.0
2026-06-18,Argentina,J,2171,0.8465,0.9985,0.754,0.591,0.4225,0.264,0.17
2026-06-18,Spain,H,2168,0.687,0.955,0.692,0.516,0.3885,0.249,0.1515
2026-06-18,France,I,2169,0.7115,0.998,0.799,0.5485,0.383,0.239,0.15
2026-06-18,England,L,2147,0.9195,0.9975,0.7725,0.5315,0.3365,0.191,0.112
2026-06-18,Brazil,C,2093,0.4555,0.933,0.5755,0.354,0.1955,0.113,0.051
2026-06-18,Colombia,K,2060,0.61,0.9895,0.683,0.4325,0.23,0.111,0.045
2026-06-18,Germany,E,2063,0.694,0.996,0.613,0.2975,0.1645,0.0895,0.04
2026-06-18,Mexico,A,1941,0.6905,0.993,0.6665,0.3095,0.146,0.0725,0.034
2026-06-18,Portugal,K,2067,0.303,0.87,0.605,0.347,0.189,0.0875,0.0335
2026-06-18,Netherlands,F,2042,0.3305,0.904,0.4855,0.2745,0.121,0.063,0.0305
2026-06-18,United States,D,1910,0.6095,0.984,0.636,0.3535,0.1625,0.07,0.0305
2026-06-18,Norway,I,2032,0.279,0.984,0.5875,0.2945,0.1445,0.063,0.027
2026-06-18,Morocco,C,2010,0.2905,0.873,0.4525,0.2465,0.1125,0.046,0.016
2026-06-18,Belgium,G,1978,0.408,0.837,0.4805,0.2095,0.085,0.0345,0.0135
2026-06-18,Japan,F,2007,0.287,0.8735,0.435,0.228,0.0945,0.0365,0.0125
2026-06-18,Australia,D,1955,0.348,0.958,0.5085,0.212,0.083,0.0265,0.0095
2026-06-18,Austria,J,1952,0.143,0.945,0.3535,0.1645,0.076,0.031,0.009
2026-06-18,Ecuador,E,1961,0.0205,0.662,0.284,0.1135,0.0455,0.019,0.0085
2026-06-18,Canada,B,1842,0.401,0.8335,0.448,0.19,0.068,0.0255,0.0075
2026-06-18,Uruguay,H,1964,0.1745,0.6815,0.237,0.121,0.0565,0.021,0.0075
2026-06-18,Switzerland,B,1947,0.342,0.769,0.4025,0.179,0.055,0.0205,0.007
2026-06-18,Sweden,F,1925,0.3765,0.9725,0.3755,0.1565,0.0575,0.018,0.006
2026-06-18,South Korea,A,1920,0.2815,0.946,0.488,0.169,0.0565,0.0185,0.006
2026-06-18,Egypt,G,1876,0.243,0.697,0.2895,0.094,0.0255,0.0085,0.0045
2026-06-18,Scotland,C,1913,0.243,0.846,0.3165,0.127,0.036,0.0115,0.004
2026-06-18,Ivory Coast,E,1922,0.2825,0.963,0.369,0.1315,0.04,0.0115,0.0035
2026-06-18,Croatia,L,1946,0.0205,0.6765,0.2735,0.104,0.0475,0.0145,0.003
2026-06-18,Senegal,I,1934,0.009,0.529,0.241,0.1035,0.032,0.012,0.002
2026-06-18,Turkey,D,1921,0.0235,0.4185,0.157,0.052,0.022,0.009,0.0015
2026-06-18,New Zealand,G,1806,0.134,0.493,0.171,0.0425,0.007,0.002,0.001
2026-06-18,DR Congo,K,1843,0.072,0.53,0.152,0.0475,0.011,0.0015,0.0005
2026-06-18,Paraguay,D,1869,0.019,0.3285,0.1095,0.034,0.0075,0.001,0.0005
2026-06-18,Czech Republic,A,1840,0.019,0.4305,0.173,0.055,0.0085,0.002,0.0005
2026-06-18,Iran,G,1881,0.215,0.6165,0.27,0.085,0.025,0.0065,0.0005
2026-06-18,Algeria,J,1887,0.006,0.45,0.136,0.0405,0.0105,0.0045,0.0005
2026-06-18,Uzbekistan,K,1828,0.015,0.26,0.051,0.014,0.0055,0.0,0.0
2026-06-18,Jordan,J,1787,0.0045,0.1585,0.038,0.01,0.0015,0.0005,0.0
2026-06-18,Ghana,L,1816,0.056,0.753,0.199,0.0505,0.011,0.0005,0.0
2026-06-18,Iraq,I,1788,0.0005,0.092,0.03,0.0065,0.0015,0.0,0.0
2026-06-18,Curaçao,E,1701,0.003,0.104,0.019,0.006,0.0,0.0,0.0
2026-06-18,Qatar,B,1734,0.093,0.4445,0.099,0.017,0.003,0.0,0.0
2026-06-18,Bosnia and Herzegovina,B,1802,0.164,0.614,0.202,0.0515,0.01,0.003,0.0
2026-06-18,Saudi Arabia,H,1807,0.0645,0.447,0.092,0.0245,0.0065,0.0005,0.0
2026-06-18,Cape Verde,H,1790,0.074,0.529,0.093,0.018,0.0035,0.0,0.0
2026-06-18,Haiti,C,1742,0.011,0.1045,0.018,0.001,0.0005,0.0,0.0
2026-06-18,South Africa,A,1762,0.009,0.271,0.0935,0.025,0.005,0.0005,0.0
2026-06-18,Tunisia,F,1772,0.006,0.09,0.0215,0.0045,0.0005,0.0,0.0
2026-06-18,Panama,L,1801,0.004,0.2005,0.0515,0.0155,0.0055,0.001,0.0
2026-06-19,Argentina,J,2171,0.841,0.9986666666666668,0.746,0.5776666666666667,0.4193333333333333,0.2566666666666666,0.1616666666666666
2026-06-19,France,I,2169,0.685,0.9993333333333332,0.7796666666666666,0.5396666666666666,0.3726666666666666,0.2383333333333333,0.145
2026-06-19,Spain,H,2168,0.6503333333333333,0.9496666666666668,0.6656666666666666,0.4933333333333333,0.362,0.237,0.1383333333333333
2026-06-19,England,L,2147,0.9186666666666666,0.9983333333333332,0.771,0.5153333333333333,0.3416666666666667,0.1996666666666666,0.1183333333333333
2026-06-19,Brazil,C,2093,0.47,0.94,0.5663333333333334,0.3403333333333333,0.1826666666666666,0.1006666666666666,0.0533333333333333
2026-06-19,Colombia,K,2060,0.6246666666666667,0.982,0.6776666666666666,0.4133333333333333,0.2186666666666666,0.114,0.0513333333333333
2026-06-19,Germany,E,2063,0.6773333333333333,0.9973333333333332,0.618,0.3053333333333333,0.1773333333333333,0.0886666666666666,0.042
2026-06-19,Portugal,K,2067,0.2963333333333333,0.8653333333333333,0.5816666666666667,0.328,0.1796666666666666,0.089,0.0396666666666666
2026-06-19,Norway,I,2032,0.301,0.984,0.5796666666666667,0.301,0.1463333333333333,0.065,0.0336666666666666
2026-06-19,Mexico,A,1956,0.9566666666666668,1.0,0.632,0.2783333333333333,0.1416666666666666,0.0683333333333333,0.0306666666666666
2026-06-19,Netherlands,F,2042,0.3383333333333333,0.9,0.4783333333333333,0.2776666666666667,0.1326666666666666,0.0656666666666666,0.025
2026-06-19,United States,D,1910,0.5716666666666667,0.9836666666666668,0.6376666666666667,0.3453333333333333,0.155,0.062,0.0233333333333333
2026-06-19,Morocco,C,2010,0.29,0.8736666666666667,0.4586666666666666,0.229,0.103,0.0476666666666666,0.02
2026-06-19,Japan,F,2007,0.2816666666666667,0.8726666666666667,0.422,0.214,0.0883333333333333,0.0406666666666666,0.014
2026-06-19,Belgium,G,1978,0.4156666666666667,0.8333333333333334,0.4576666666666666,0.2103333333333333,0.089,0.035,0.012
2026-06-19,Australia,D,1955,0.3836666666666666,0.968,0.5596666666666666,0.2256666666666666,0.093,0.032,0.012
2026-06-19,Canada,B,1854,0.6343333333333333,1.0,0.5766666666666667,0.2563333333333333,0.0836666666666666,0.028,0.0106666666666666
2026-06-19,Switzerland,B,1967,0.3656666666666666,1.0,0.59,0.2723333333333333,0.095,0.035,0.0106666666666666
2026-06-19,Austria,J,1952,0.1513333333333333,0.9543333333333334,0.378,0.1773333333333333,0.0736666666666666,0.0293333333333333,0.0103333333333333
2026-06-19,Uruguay,H,1964,0.2073333333333333,0.6993333333333334,0.269,0.1343333333333333,0.0693333333333333,0.0273333333333333,0.0083333333333333
2026-06-19,Ivory Coast,E,1922,0.2916666666666667,0.9653333333333334,0.3936666666666666,0.1363333333333333,0.0463333333333333,0.0163333333333333,0.0066666666666666
2026-06-19,Ecuador,E,1961,0.028,0.6796666666666666,0.3033333333333333,0.1356666666666666,0.0413333333333333,0.0143333333333333,0.0063333333333333
2026-06-19,Senegal,I,1934,0.011,0.5503333333333333,0.2423333333333333,0.109,0.0386666666666666,0.0126666666666666,0.005
2026-06-19,South Korea,A,1904,0.0433333333333333,0.9056666666666666,0.4156666666666667,0.1626666666666666,0.0456666666666666,0.0153333333333333,0.0043333333333333
2026-06-19,Sweden,F,1925,0.374,0.9726666666666668,0.3763333333333333,0.1566666666666666,0.0483333333333333,0.0163333333333333,0.0043333333333333
2026-06-19,Croatia,L,1946,0.0173333333333333,0.668,0.2773333333333333,0.101,0.0416666666666666,0.0136666666666666,0.0033333333333333
2026-06-19,Scotland,C,1913,0.232,0.8786666666666667,0.339,0.1183333333333333,0.037,0.0123333333333333,0.003
2026-06-19,Egypt,G,1876,0.2323333333333333,0.6983333333333334,0.2856666666666667,0.098,0.0296666666666666,0.009,0.0016666666666666
2026-06-19,Iran,G,1881,0.216,0.614,0.2586666666666666,0.087,0.0253333333333333,0.0053333333333333,0.0016666666666666
2026-06-19,Turkey,D,1921,0.025,0.447,0.175,0.0563333333333333,0.0203333333333333,0.0053333333333333,0.001
2026-06-19,Algeria,J,1887,0.0066666666666666,0.4953333333333333,0.171,0.0576666666666666,0.019,0.0043333333333333,0.0006666666666666
2026-06-19,Panama,L,1801,0.006,0.2043333333333333,0.0526666666666666,0.0166666666666666,0.005,0.002,0.0003333333333333
2026-06-19,DR Congo,K,1843,0.0653333333333333,0.5353333333333333,0.154,0.043,0.011,0.0023333333333333,0.0003333333333333
2026-06-19,Bosnia and Herzegovina,B,1783,0.0,0.4143333333333333,0.1026666666666666,0.031,0.0033333333333333,0.0006666666666666,0.0003333333333333
2026-06-19,Ghana,L,1816,0.058,0.7793333333333333,0.2033333333333333,0.0523333333333333,0.0143333333333333,0.0023333333333333,0.0003333333333333
2026-06-19,Cape Verde,H,1790,0.0753333333333333,0.5463333333333333,0.0906666666666666,0.0236666666666666,0.0063333333333333,0.001,0.0003333333333333
2026-06-19,Curaçao,E,1700,0.003,0.1203333333333333,0.0206666666666666,0.0026666666666666,0.001,0.0,0.0
2026-06-19,Paraguay,D,1869,0.0196666666666666,0.313,0.102,0.0283333333333333,0.0096666666666666,0.0016666666666666,0.0
2026-06-19,Czech Republic,A,1830,0.0,0.1633333333333333,0.0536666666666666,0.0156666666666666,0.002,0.0003333333333333,0.0
2026-06-19,Uzbekistan,K,1828,0.0136666666666666,0.295,0.0693333333333333,0.0173333333333333,0.0056666666666666,0.001,0.0
2026-06-19,Saudi Arabia,H,1807,0.067,0.4443333333333333,0.0856666666666666,0.0263333333333333,0.008,0.0013333333333333,0.0
2026-06-19,Tunisia,F,1772,0.006,0.0943333333333333,0.021,0.005,0.0006666666666666,0.0,0.0
2026-06-19,South Africa,A,1772,0.0,0.2323333333333333,0.056,0.0113333333333333,0.0023333333333333,0.0,0.0
2026-06-19,New Zealand,G,1806,0.136,0.502,0.1673333333333333,0.0386666666666666,0.0073333333333333,0.001,0.0
2026-06-19,Qatar,B,1721,0.0,0.2886666666666667,0.0446666666666666,0.0126666666666666,0.0016666666666666,0.0003333333333333,0.0
2026-06-19,Iraq,I,1788,0.003,0.1216666666666666,0.0393333333333333,0.0106666666666666,0.002,0.0003333333333333,0.0
2026-06-19,Haiti,C,1742,0.008,0.1113333333333333,0.0136666666666666,0.0033333333333333,0.0006666666666666,0.0003333333333333,0.0
2026-06-19,Jordan,J,1787,0.001,0.1593333333333333,0.04,0.008,0.001,0.0003333333333333,0.0
2026-06-23,Argentina,J,2185,0.9991333333333332,1.0,0.8777,0.7178333333333333,0.5325,0.3292666666666666,0.1979
2026-06-23,Spain,H,2175,0.8622333333333333,1.0,0.7716666666666666,0.5701,0.4210666666666666,0.2575,0.1497666666666666
2026-06-23,France,I,2178,0.7610666666666667,1.0,0.8336333333333333,0.5477333333333333,0.3718666666666667,0.2325666666666666,0.1395
2026-06-23,England,L,2147,0.9238666666666666,0.9988333333333334,0.7748,0.5086666666666667,0.3114333333333333,0.1771,0.0998
2026-06-23,Brazil,C,2104,0.6312666666666666,1.0,0.5808333333333333,0.3507666666666666,0.1854333333333333,0.095,0.0487666666666666
2026-06-23,United States,D,1952,0.9964333333333332,1.0,0.7690333333333333,0.5153333333333333,0.2332333333333333,0.1084,0.0467
2026-06-23,Germany,E,2081,0.9993666666666666,1.0,0.7018333333333333,0.3312,0.1922,0.0995666666666666,0.0446
2026-06-23,Colombia,K,2060,0.6268,0.9864333333333334,0.6863,0.4055333333333333,0.1869,0.0877,0.0381333333333333
2026-06-23,Portugal,K,2067,0.2899,0.8589333333333333,0.5797333333333333,0.3203,0.1672,0.0795333333333333,0.0364333333333333
2026-06-23,Netherlands,F,2071,0.6828,1.0,0.5371,0.3375666666666667,0.1598666666666666,0.0785666666666666,0.0362666666666666
2026-06-23,Norway,I,2053,0.2389333333333333,1.0,0.7016666666666667,0.3525333333333333,0.1765666666666666,0.078,0.0321666666666666
2026-06-23,Mexico,A,1956,0.9604333333333334,1.0,0.6851666666666667,0.3169666666666667,0.1551,0.0709333333333333,0.0315666666666666
2026-06-23,Morocco,C,2030,0.3233,1.0,0.4883666666666666,0.2783666666666666,0.1192666666666666,0.0526333333333333,0.0206333333333333
2026-06-23,Japan,F,2024,0.2618,1.0,0.4553333333333333,0.2268666666666666,0.0987,0.0429333333333333,0.0166
2026-06-23,Switzerland,B,1967,0.3783,1.0,0.5903,0.2488666666666666,0.0795333333333333,0.0281666666666666,0.0097
2026-06-23,Belgium,G,1973,0.15,0.8433666666666667,0.4734333333333333,0.1568333333333333,0.0674666666666666,0.0251333333333333,0.0085
2026-06-23,Canada,B,1854,0.6217,1.0,0.5628,0.2327,0.0677333333333333,0.0240333333333333,0.0078
2026-06-23,Austria,J,1938,0.0008333333333333,0.9571666666666668,0.2884333333333333,0.1280666666666666,0.0501,0.0157666666666666,0.0049666666666666
2026-06-23,Croatia,L,1946,0.0179666666666666,0.6887333333333333,0.2929666666666666,0.1062,0.0422333333333333,0.0141666666666666,0.0043333333333333
2026-06-23,Egypt,G,1911,0.6115333333333334,1.0,0.4783,0.1704333333333333,0.0489333333333333,0.0129666666666666,0.0034666666666666
2026-06-23,Uruguay,H,1944,0.1132333333333333,0.4139666666666666,0.1693666666666666,0.0721666666666666,0.0274333333333333,0.0095,0.0031333333333333
2026-06-23,Australia,D,1913,0.0032333333333333,0.932,0.3865,0.0917,0.0368666666666666,0.0111,0.003
2026-06-23,South Korea,A,1904,0.0395666666666666,0.9384666666666668,0.4237666666666667,0.1410333333333333,0.0363,0.0106333333333333,0.0025333333333333
2026-06-23,Algeria,J,1907,3.3333333333333335e-05,0.8352333333333334,0.2679666666666667,0.1084333333333333,0.0316,0.0089666666666666,0.0020333333333333
2026-06-23,Ivory Coast,E,1904,0.0006333333333333,0.9305,0.2782666666666666,0.0928666666666666,0.0249666666666666,0.0063333333333333,0.0017333333333333
2026-06-23,Senegal,I,1913,0.0,0.4653666666666666,0.1862333333333333,0.0726,0.0184666666666666,0.0060333333333333,0.0016333333333333
2026-06-23,Sweden,F,1897,0.0554,0.9579333333333332,0.3000666666666666,0.102,0.0282333333333333,0.0075333333333333,0.0016
2026-06-23,Paraguay,D,1903,0.0003333333333333,0.8116,0.2691666666666666,0.0667666666666666,0.0247333333333333,0.0069333333333333,0.0013666666666666
2026-06-23,Iran,G,1886,0.2384666666666666,0.6625,0.2901666666666667,0.0871666666666666,0.0234,0.0060333333333333,0.0013333333333333
2026-06-23,Scotland,C,1893,0.0454333333333333,0.8583333333333333,0.2535333333333333,0.0728333333333333,0.0206666666666666,0.0054666666666666,0.0013333333333333
2026-06-23,Ecuador,E,1937,0.0,0.2309666666666666,0.085,0.0334,0.0101666666666666,0.0029666666666666,0.0009
2026-06-23,DR Congo,K,1843,0.0694333333333333,0.5504,0.1633666666666666,0.0426666666666666,0.0109333333333333,0.0021333333333333,0.0004333333333333
2026-06-23,Ghana,L,1816,0.0525666666666666,0.8089333333333333,0.207,0.0527333333333333,0.0113,0.0017666666666666,0.0003666666666666
2026-06-23,Czech Republic,A,1830,0.0,0.1582666666666666,0.0530333333333333,0.0127333333333333,0.0022333333333333,0.0006333333333333,0.0002
2026-06-23,Panama,L,1801,0.0056,0.2318666666666666,0.0600333333333333,0.0162666666666666,0.0034333333333333,0.0007333333333333,0.0002
2026-06-23,Cape Verde,H,1810,0.0245333333333333,0.6642,0.0761,0.0239666666666666,0.0055,0.0008,0.0001666666666666
2026-06-23,Uzbekistan,K,1828,0.0138666666666666,0.3235,0.0788666666666666,0.0186666666666666,0.0043666666666666,0.0007,0.0001333333333333
2026-06-23,Turkey,D,1887,0.0,0.0802666666666666,0.0173,0.0062333333333333,0.0017333333333333,0.0005,0.0001333333333333
2026-06-23,New Zealand,G,1771,0.0,0.1624,0.0483,0.0062333333333333,0.0014,0.0001333333333333,6.666666666666667e-05
2026-06-23,Qatar,B,1721,0.0,0.2981666666666667,0.0323,0.0073,0.0009333333333333,0.0001666666666666,3.3333333333333335e-05
2026-06-23,Bosnia and Herzegovina,B,1783,0.0,0.4252333333333333,0.0695666666666666,0.0195666666666666,0.0030333333333333,0.0005333333333333,3.3333333333333335e-05
2026-06-23,Saudi Arabia,H,1801,0.0,0.3497666666666666,0.0315,0.0092333333333333,0.0021,0.0002333333333333,3.3333333333333335e-05
2026-06-23,Jordan,J,1767,0.0,0.0166666666666666,0.0042666666666666,0.0008,0.0001,0.0,0.0
2026-06-23,Iraq,I,1780,0.0,0.0981333333333333,0.0273,0.0064333333333333,0.0007666666666666,3.3333333333333335e-05,0.0
2026-06-23,Curaçao,E,1725,0.0,0.2131,0.0273666666666666,0.0035666666666666,0.0006,6.666666666666667e-05,0.0
2026-06-23,South Africa,A,1772,0.0,0.2335,0.0626,0.0097,0.0014,0.0001333333333333,0.0
2026-06-23,Tunisia,F,1756,0.0,3.3333333333333335e-05,0.0,0.0,0.0,0.0,0.0
2026-06-23,Haiti,C,1731,0.0,0.0152333333333333,0.0016666666666666,6.666666666666667e-05,0.0,0.0,0.0
2026-06-24,Argentina,J,2185,0.99902,1.0,0.87608,0.7222,0.51938,0.3305,0.19766
2026-06-24,France,I,2178,0.76354,1.0,0.83382,0.5448,0.37878,0.23244,0.13888
2026-06-24,Spain,H,2175,0.86372,1.0,0.77506,0.50904,0.3755,0.2341,0.1374
2026-06-24,England,L,2121,0.78846,1.0,0.7549,0.47192,0.27508,0.14652,0.0779
2026-06-24,Portugal,K,2093,0.37926,1.0,0.70676,0.40828,0.22822,0.11776,0.05786
2026-06-24,Brazil,C,2104,0.63286,1.0,0.58478,0.35198,0.19604,0.10094,0.04998
2026-06-24,Germany,E,2081,0.99936,1.0,0.69458,0.33084,0.1921,0.0955,0.04504
2026-06-24,Colombia,K,2070,0.62074,1.0,0.6873,0.40544,0.19678,0.097,0.04438
2026-06-24,United States,D,1952,0.99692,1.0,0.77108,0.51498,0.22374,0.10288,0.04438
2026-06-24,Netherlands,F,2071,0.68764,1.0,0.53412,0.33654,0.16412,0.0794,0.03684
2026-06-24,Norway,I,2053,0.23646,1.0,0.70514,0.35402,0.18502,0.0823,0.03522
2026-06-24,Mexico,A,1956,0.96116,1.0,0.67962,0.3501,0.16972,0.07512,0.03482
2026-06-24,Morocco,C,2030,0.3204,1.0,0.4907,0.2814,0.12446,0.05334,0.02258
2026-06-24,Japan,F,2024,0.25626,1.0,0.45528,0.22668,0.1038,0.04472,0.01746
2026-06-24,Switzerland,B,1967,0.37082,1.0,0.59546,0.24428,0.0776,0.02816,0.00938
2026-06-24,Belgium,G,1973,0.14614,0.83886,0.47206,0.15396,0.06364,0.02378,0.00798
2026-06-24,Croatia,L,1965,0.12338,0.94114,0.37136,0.16642,0.06136,0.02194,0.00764
2026-06-24,Canada,B,1854,0.62918,1.0,0.56302,0.22032,0.06528,0.0219,0.0067
2026-06-24,Austria,J,1938,0.00096,0.95646,0.29372,0.11316,0.04282,0.01366,0.004
2026-06-24,Egypt,G,1911,0.61948,0.99996,0.48534,0.16908,0.04532,0.01342,0.00336
2026-06-24,Australia,D,1913,0.00262,0.92938,0.37646,0.0835,0.03132,0.00976,0.00256
2026-06-24,South Korea,A,1904,0.03884,0.93388,0.41604,0.14108,0.03546,0.01086,0.00256
2026-06-24,Uruguay,H,1944,0.1116,0.39742,0.16224,0.06518,0.02382,0.00776,0.00216
2026-06-24,Algeria,J,1907,2e-05,0.84076,0.26844,0.10068,0.02926,0.00794,0.002
2026-06-24,Ivory Coast,E,1904,0.00064,0.92982,0.27862,0.09088,0.02766,0.00736,0.0019
2026-06-24,Sweden,F,1897,0.0561,0.956,0.29724,0.10298,0.02722,0.00732,0.00182
2026-06-24,Senegal,I,1913,0.0,0.45452,0.18426,0.07264,0.0186,0.0056,0.00174
2026-06-24,Paraguay,D,1903,0.00046,0.81716,0.26328,0.06126,0.02262,0.00598,0.0015
2026-06-24,Scotland,C,1893,0.04674,0.85822,0.2615,0.08624,0.02462,0.0062,0.00134
2026-06-24,Iran,G,1886,0.23438,0.65064,0.2911,0.08308,0.02008,0.00514,0.001
2026-06-24,Ecuador,E,1937,0.0,0.22362,0.07892,0.03138,0.01024,0.00306,0.00086
2026-06-24,Ghana,L,1841,0.08816,0.99994,0.22388,0.06802,0.0151,0.00334,0.0006
2026-06-24,Cape Verde,H,1810,0.02468,0.66198,0.07982,0.02462,0.00586,0.00098,0.00012
2026-06-24,DR Congo,K,1834,0.0,0.42592,0.08614,0.02464,0.005,0.00086,0.0001
2026-06-24,Turkey,D,1887,0.0,0.0814,0.01512,0.0042,0.00162,0.00052,0.0001
2026-06-24,Czech Republic,A,1830,0.0,0.15842,0.05406,0.01288,0.00238,0.0006,8e-05
2026-06-24,Panama,L,1782,0.0,0.01702,0.00244,0.00078,0.00022,4e-05,4e-05
2026-06-24,Saudi Arabia,H,1801,0.0,0.34922,0.03286,0.0095,0.002,0.0003,4e-05
2026-06-24,Bosnia and Herzegovina,B,1783,0.0,0.41696,0.06896,0.02016,0.00258,0.00046,2e-05
2026-06-24,Qatar,B,1721,0.0,0.30228,0.03188,0.0079,0.00082,2e-05,0.0
2026-06-24,Jordan,J,1767,0.0,0.01702,0.00432,0.00078,0.00022,0.0,0.0
2026-06-24,Iraq,I,1780,0.0,0.10458,0.03134,0.00692,0.00082,0.00016,0.0
2026-06-24,Curaçao,E,1725,0.0,0.21268,0.02778,0.00472,0.00078,0.00012,0.0
2026-06-24,Uzbekistan,K,1802,0.0,0.1129,0.01928,0.00448,0.00074,8e-05,0.0
2026-06-24,New Zealand,G,1771,0.0,0.16366,0.05074,0.00536,0.00078,8e-05,0.0
2026-06-24,South Africa,A,1772,0.0,0.23162,0.06104,0.01042,0.00138,8e-05,0.0
2026-06-24,Tunisia,F,1756,0.0,2e-05,0.0,0.0,0.0,0.0,0.0
2026-06-24,Haiti,C,1731,0.0,0.01654,0.00206,0.00028,4e-05,0.0,0.0
2026-06-25,Argentina,J,2185,0.99906,1.0,0.87808,0.72454,0.5097,0.31932,0.1961
2026-06-25,France,I,2178,0.76142,1.0,0.84112,0.5464,0.38182,0.23486,0.13718
2026-06-25,Spain,H,2175,0.86344,1.0,0.77194,0.507,0.37224,0.22986,0.13232
2026-06-25,England,L,2121,0.78674,1.0,0.74624,0.45256,0.25522,0.13374,0.07002
2026-06-25,Brazil,C,2126,1.0,1.0,0.6344,0.38546,0.22344,0.11646,0.062
2026-06-25,Portugal,K,2093,0.38152,1.0,0.70834,0.39658,0.2251,0.11644,0.05682
2026-06-25,Germany,E,2081,0.99956,1.0,0.7434,0.35072,0.20942,0.10608,0.04984
2026-06-25,Colombia,K,2070,0.61848,1.0,0.69232,0.39364,0.19538,0.09422,0.04386
2026-06-25,United States,D,1952,0.99622,1.0,0.73342,0.50896,0.22364,0.10304,0.0434
2026-06-25,Mexico,A,1970,1.0,1.0,0.71204,0.38202,0.18468,0.08438,0.03822
2026-06-25,Netherlands,F,2071,0.6852,1.0,0.49934,0.33864,0.16342,0.08022,0.03622
2026-06-25,Norway,I,2053,0.23858,1.0,0.7024,0.33308,0.1721,0.076,0.03256
2026-06-25,Morocco,C,2041,0.0,1.0,0.49606,0.34774,0.14852,0.06772,0.02894
2026-06-25,Japan,F,2024,0.2578,1.0,0.41838,0.21706,0.0991,0.0415,0.01602
2026-06-25,Switzerland,B,2000,1.0,1.0,0.61184,0.27902,0.0969,0.03892,0.01496
2026-06-25,Belgium,G,1973,0.14526,0.84006,0.47,0.15362,0.06206,0.0238,0.00746
2026-06-25,Croatia,L,1965,0.1227,0.92928,0.36192,0.15474,0.0568,0.0195,0.00604
2026-06-25,Canada,B,1821,0.0,1.0,0.61646,0.21124,0.0566,0.01726,0.00458
2026-06-25,Egypt,G,1911,0.61552,1.0,0.50306,0.17556,0.04792,0.01382,0.00364
2026-06-25,Austria,J,1938,0.0009,0.9571,0.27384,0.105,0.03998,0.01278,0.00336
2026-06-25,Uruguay,H,1944,0.1123,0.35892,0.13184,0.05172,0.02118,0.00736,0.0026
2026-06-25,Sweden,F,1897,0.057,0.9483,0.26826,0.09894,0.0275,0.00766,0.00192
2026-06-25,Australia,D,1913,0.00338,0.92748,0.37182,0.0803,0.02928,0.00856,0.0018
2026-06-25,Ivory Coast,E,1904,0.00044,0.92754,0.26556,0.07658,0.02276,0.0062,0.00158
2026-06-25,Algeria,J,1907,4e-05,0.78912,0.2204,0.08034,0.02428,0.00692,0.00158
2026-06-25,Paraguay,D,1903,0.0004,0.77612,0.24992,0.0596,0.022,0.00594,0.0013
2026-06-25,South Korea,A,1857,0.0,0.93742,0.40884,0.13184,0.02584,0.0056,0.00122
2026-06-25,Iran,G,1886,0.23922,0.62118,0.27196,0.0799,0.0198,0.00472,0.00116
2026-06-25,Senegal,I,1913,0.0,0.45244,0.15268,0.056,0.01574,0.00398,0.001
2026-06-25,Ecuador,E,1937,0.0,0.21538,0.07476,0.0271,0.00906,0.00244,0.00076
2026-06-25,Ghana,L,1841,0.09056,1.0,0.21888,0.06194,0.01324,0.00268,0.00044
2026-06-25,South Africa,A,1819,0.0,1.0,0.38354,0.08224,0.0146,0.00232,0.00034
2026-06-25,Bosnia and Herzegovina,B,1818,0.0,1.0,0.18852,0.05512,0.01056,0.00202,0.00026
2026-06-25,Scotland,C,1871,0.0,0.36674,0.0921,0.02536,0.00558,0.00116,0.00012
2026-06-25,Cape Verde,H,1810,0.02426,0.6532,0.06802,0.02096,0.00494,0.00084,0.0001
2026-06-25,DR Congo,K,1834,0.0,0.39226,0.07902,0.02096,0.00406,0.00074,0.0001
2026-06-25,Turkey,D,1887,0.0,0.08268,0.01566,0.00518,0.00186,0.00044,0.0001
2026-06-25,Uzbekistan,K,1802,0.0,0.02966,0.00562,0.00132,0.00018,8e-05,4e-05
2026-06-25,Saudi Arabia,H,1801,0.0,0.3475,0.03012,0.00934,0.00194,0.00028,2e-05
2026-06-25,New Zealand,G,1771,0.0,0.15974,0.04752,0.00494,0.00074,4e-05,2e-05
2026-06-25,Czech Republic,A,1816,0.0,0.0,0.0,0.0,0.0,0.0,0.0
2026-06-25,Haiti,C,1720,0.0,0.0,0.0,0.0,0.0,0.0,0.0
2026-06-25,Jordan,J,1767,0.0,0.01566,0.0029,0.00064,0.00012,0.0,0.0
2026-06-25,Qatar,B,1686,0.0,0.0,0.0,0.0,0.0,0.0,0.0
2026-06-25,Iraq,I,1780,0.0,0.0412,0.0087,0.00176,0.0002,4e-05,0.0
2026-06-25,Curaçao,E,1725,0.0,0.21212,0.0254,0.00328,0.00036,0.0,0.0
2026-06-25,Tunisia,F,1756,0.0,0.0,0.0,0.0,0.0,0.0,0.0
2026-06-25,Panama,L,1782,0.0,0.0189,0.00336,0.00106,0.00014,6e-05,0.0
2026-06-27,Argentina,J,2185,0.99912,1.0,0.87734,0.723,0.50934,0.3181,0.19384
2026-06-27,France,I,2178,0.76462,1.0,0.83252,0.57666,0.39464,0.24536,0.1488
2026-06-27,Spain,H,2175,0.86408,1.0,0.77572,0.50796,0.39288,0.24458,0.14136
2026-06-27,England,L,2121,0.78762,1.0,0.7389,0.44008,0.25414,0.13596,0.07294
2026-06-27,Brazil,C,2126,1.0,1.0,0.64138,0.38958,0.2298,0.12088,0.0642
2026-06-27,Portugal,K,2093,0.37762,1.0,0.70278,0.3936,0.22938,0.12038,0.05836
2026-06-27,Netherlands,F,2080,1.0,1.0,0.544,0.40978,0.20404,0.10418,0.04918
2026-06-27,Colombia,K,2070,0.62238,1.0,0.69116,0.3908,0.19638,0.09564,0.04388
2026-06-27,Mexico,A,1970,1.0,1.0,0.61878,0.33154,0.16048,0.07236,0.03342
2026-06-27,Norway,I,2053,0.23538,1.0,0.66258,0.32378,0.16592,0.07596,0.03272
2026-06-27,Germany,E,2044,1.0,1.0,0.6612,0.28234,0.15028,0.07032,0.02856
2026-06-27,Morocco,C,2041,0.0,1.0,0.456,0.31974,0.14258,0.06686,0.0283
2026-06-27,United States,D,1911,1.0,1.0,0.73566,0.46756,0.17754,0.07398,0.02716
2026-06-27,Switzerland,B,2000,1.0,1.0,0.60744,0.28034,0.09948,0.03976,0.01538
2026-06-27,Japan,F,2007,0.0,1.0,0.35862,0.16688,0.07446,0.029,0.011
2026-06-27,Belgium,G,1973,0.1466,0.83456,0.46686,0.15756,0.06086,0.02266,0.00792
2026-06-27,Ecuador,E,1974,0.0,1.0,0.3945,0.16688,0.06178,0.02144,0.00734
2026-06-27,Croatia,L,1965,0.12458,0.86938,0.34508,0.14458,0.05798,0.01976,0.00618
2026-06-27,Canada,B,1821,0.0,1.0,0.61218,0.19406,0.05798,0.0188,0.00464
2026-06-27,Egypt,G,1911,0.61756,1.0,0.49982,0.1941,0.05146,0.01612,0.00388
2026-06-27,Austria,J,1938,0.00086,0.8843,0.2501,0.09474,0.03912,0.01202,0.0033
2026-06-27,Australia,D,1912,0.0,1.0,0.48364,0.09562,0.03522,0.00956,0.00252
2026-06-27,Ivory Coast,E,1924,0.0,1.0,0.30626,0.09206,0.03164,0.009,0.00238
2026-06-27,Sweden,F,1913,0.0,1.0,0.3388,0.09068,0.0337,0.0099,0.00236
2026-06-27,Uruguay,H,1944,0.11174,0.3495,0.142,0.05814,0.02238,0.008,0.00202
2026-06-27,Paraguay,D,1904,0.0,0.99888,0.20042,0.07754,0.02804,0.00792,0.00194
2026-06-27,Algeria,J,1907,2e-05,0.69318,0.19874,0.0688,0.02208,0.00632,0.00168
2026-06-27,Iran,G,1886,0.23584,0.61036,0.27328,0.0862,0.02076,0.00556,0.00128
2026-06-27,South Korea,A,1857,0.0,0.70948,0.31106,0.11584,0.02216,0.00486,0.00092
2026-06-27,Senegal,I,1913,0.0,0.3381,0.12602,0.04888,0.01244,0.00318,0.0007
2026-06-27,Bosnia and Herzegovina,B,1818,0.0,1.0,0.26434,0.10734,0.01732,0.00328,0.00052
2026-06-27,Ghana,L,1841,0.0878,0.99976,0.22232,0.05866,0.01378,0.0028,0.00042
2026-06-27,South Africa,A,1819,0.0,1.0,0.38782,0.07642,0.01384,0.00266,0.00032
2026-06-27,DR Congo,K,1834,0.0,0.38982,0.07878,0.01964,0.00446,0.00066,0.00018
2026-06-27,Cape Verde,H,1810,0.02418,0.6473,0.07426,0.02324,0.006,0.00114,0.00018
2026-06-27,Saudi Arabia,H,1801,0.0,0.34766,0.03132,0.00982,0.00226,0.0005,0.0001
2026-06-27,Scotland,C,1871,0.0,0.12764,0.03324,0.00904,0.00214,0.00042,8e-05
2026-06-27,New Zealand,G,1771,0.0,0.15982,0.04806,0.00498,0.0011,8e-05,2e-05
2026-06-27,Uzbekistan,K,1802,0.0,0.00536,0.001,0.0003,6e-05,4e-05,2e-05
2026-06-27,Czech Republic,A,1816,0.0,0.0,0.0,0.0,0.0,0.0,0.0
2026-06-27,Turkey,D,1928,0.0,0.0,0.0,0.0,0.0,0.0,0.0
2026-06-27,Haiti,C,1720,0.0,0.0,0.0,0.0,0.0,0.0,0.0
2026-06-27,Jordan,J,1767,0.0,0.00972,0.0019,0.00042,0.0,0.0,0.0
2026-06-27,Qatar,B,1686,0.0,0.0,0.0,0.0,0.0,0.0,0.0
2026-06-27,Iraq,I,1780,0.0,0.01046,0.00204,0.00036,2e-05,0.0,0.0
2026-06-27,Curaçao,E,1705,0.0,0.0,0.0,0.0,0.0,0.0,0.0
2026-06-27,Tunisia,F,1746,0.0,0.0,0.0,0.0,0.0,0.0,0.0
2026-06-27,Panama,L,1782,0.0,0.01472,0.00208,0.00046,8e-05,0.0,0.0
2026-06-28,Argentina,J,2190,1.0,1.0,0.92164,0.77728,0.56036,0.3559,0.20548
2026-06-28,France,I,2210,1.0,1.0,0.8627,0.65908,0.48394,0.31462,0.19378
2026-06-28,Spain,H,2186,1.0,1.0,0.81188,0.53644,0.406,0.24018,0.13948
2026-06-28,England,L,2134,1.0,1.0,0.82038,0.51132,0.30896,0.16244,0.08416
2026-06-28,Brazil,C,2126,1.0,1.0,0.64294,0.43032,0.24002,0.12636,0.06302
2026-06-28,Colombia,K,2066,1.0,1.0,0.79966,0.49974,0.21448,0.10668,0.04544
2026-06-28,Portugal,K,2097,0.0,1.0,0.64404,0.29284,0.18992,0.08952,0.0424
2026-06-28,Netherlands,F,2080,1.0,1.0,0.54518,0.41086,0.17516,0.08658,0.04096
2026-06-28,Mexico,A,1970,1.0,1.0,0.60956,0.2925,0.15152,0.06806,0.02974
2026-06-28,Germany,E,2044,1.0,1.0,0.67082,0.22778,0.1243,0.05598,0.02486
2026-06-28,Morocco,C,2041,0.0,1.0,0.45482,0.31958,0.11912,0.05212,0.0209
2026-06-28,United States,D,1911,1.0,1.0,0.7394,0.39448,0.14116,0.05106,0.01912
2026-06-28,Norway,I,2021,0.0,1.0,0.61336,0.2612,0.1114,0.04314,0.01532
2026-06-28,Switzerland,B,2000,1.0,1.0,0.60304,0.28892,0.09986,0.04036,0.01418
2026-06-28,Belgium,G,1996,1.0,1.0,0.55968,0.30874,0.10694,0.03722,0.01316
2026-06-28,Japan,F,2007,0.0,1.0,0.35706,0.19104,0.07956,0.02952,0.0107
2026-06-28,Croatia,L,1976,0.0,1.0,0.35596,0.1039,0.05186,0.0172,0.00562
2026-06-28,Ecuador,E,1974,0.0,1.0,0.39044,0.13924,0.05704,0.01902,0.00538
2026-06-28,Senegal,I,1946,0.0,1.0,0.44032,0.21856,0.06212,0.01832,0.0053
2026-06-28,Canada,B,1821,0.0,1.0,0.61302,0.19452,0.04428,0.01396,0.00384
2026-06-28,Australia,D,1912,0.0,1.0,0.50318,0.09644,0.03654,0.011,0.00292
2026-06-28,Ivory Coast,E,1924,0.0,1.0,0.38664,0.11744,0.0357,0.00984,0.00284
2026-06-28,Egypt,G,1914,0.0,1.0,0.49682,0.09554,0.0368,0.01118,0.00258
2026-06-28,Austria,J,1936,0.0,1.0,0.18812,0.06682,0.03046,0.00776,0.00222
2026-06-28,Algeria,J,1908,0.0,1.0,0.39696,0.14332,0.03346,0.00956,0.00214
2026-06-28,Sweden,F,1913,0.0,1.0,0.1373,0.05558,0.02088,0.00592,0.00146
2026-06-28,Paraguay,D,1904,0.0,1.0,0.32918,0.05756,0.02102,0.00588,0.0012
2026-06-28,DR Congo,K,1879,0.0,1.0,0.17962,0.05694,0.0158,0.00336,0.0007
2026-06-28,Ghana,L,1830,0.0,1.0,0.20034,0.06802,0.01096,0.002,0.0004
2026-06-28,South Africa,A,1819,0.0,1.0,0.38698,0.07504,0.0113,0.00188,0.00024
2026-06-28,Bosnia and Herzegovina,B,1818,0.0,1.0,0.2606,0.07822,0.01154,0.0018,0.00024
2026-06-28,Cape Verde,H,1810,0.0,1.0,0.07836,0.03074,0.00754,0.00158,0.00022
2026-06-28,Turkey,D,1928,0.0,0.0,0.0,0.0,0.0,0.0,0.0
2026-06-28,Scotland,C,1871,0.0,0.0,0.0,0.0,0.0,0.0,0.0
2026-06-28,Haiti,C,1720,0.0,0.0,0.0,0.0,0.0,0.0,0.0
2026-06-28,Qatar,B,1686,0.0,0.0,0.0,0.0,0.0,0.0,0.0
2026-06-28,Czech Republic,A,1816,0.0,0.0,0.0,0.0,0.0,0.0,0.0
2026-06-28,South Korea,A,1857,0.0,0.0,0.0,0.0,0.0,0.0,0.0
2026-06-28,Curaçao,E,1705,0.0,0.0,0.0,0.0,0.0,0.0,0.0
2026-06-28,Tunisia,F,1746,0.0,0.0,0.0,0.0,0.0,0.0,0.0
2026-06-28,Uruguay,H,1934,0.0,0.0,0.0,0.0,0.0,0.0,0.0
2026-06-28,Saudi Arabia,H,1800,0.0,0.0,0.0,0.0,0.0,0.0,0.0
2026-06-28,Iran,G,1883,0.0,0.0,0.0,0.0,0.0,0.0,0.0
2026-06-28,New Zealand,G,1748,0.0,0.0,0.0,0.0,0.0,0.0,0.0
2026-06-28,Jordan,J,1762,0.0,0.0,0.0,0.0,0.0,0.0,0.0
2026-06-28,Iraq,I,1746,0.0,0.0,0.0,0.0,0.0,0.0,0.0
2026-06-28,Uzbekistan,K,1756,0.0,0.0,0.0,0.0,0.0,0.0,0.0
2026-06-28,Panama,L,1769,0.0,0.0,0.0,0.0,0.0,0.0,0.0
2026-06-29,France,I,2187,1.0,1.0,0.78696,0.56178,0.4023,0.26176,0.16592
2026-06-29,Argentina,J,2134,1.0,1.0,0.88224,0.71504,0.5013,0.29214,0.15944
2026-06-29,Spain,H,2149,1.0,1.0,0.76824,0.47186,0.32772,0.18622,0.11232
2026-06-29,England,L,2131,1.0,1.0,0.80756,0.53548,0.32662,0.1973,0.10696
2026-06-29,Brazil,C,2113,1.0,1.0,0.6543,0.41374,0.23044,0.1351,0.0697
2026-06-29,Portugal,K,2099,0.0,1.0,0.65334,0.3277,0.2063,0.1055,0.05532
2026-06-29,Netherlands,F,2075,1.0,1.0,0.55392,0.3693,0.16802,0.08738,0.0436
2026-06-29,Germany,E,2062,1.0,1.0,0.71298,0.29026,0.16352,0.08206,0.03938
2026-06-29,Colombia,K,2019,1.0,1.0,0.64832,0.37188,0.16894,0.07478,0.03116
2026-06-29,United States,D,1934,1.0,1.0,0.70774,0.385,0.15974,0.06652,0.02866
2026-06-29,Norway,I,2027,0.0,1.0,0.5742,0.26284,0.12028,0.05652,0.02384
2026-06-29,Mexico,A,1928,1.0,1.0,0.57392,0.24502,0.11572,0.05458,0.02212
2026-06-29,Morocco,C,2026,0.0,1.0,0.44608,0.26988,0.1054,0.04812,0.0212
2026-06-29,Belgium,G,2006,1.0,1.0,0.54508,0.29048,0.11492,0.04508,0.01886
2026-06-29,Switzerland,B,1986,1.0,1.0,0.58138,0.3008,0.12256,0.04908,0.01762
2026-06-29,Canada,B,1842,0.0,1.0,1.0,0.36082,0.10136,0.03464,0.0118
2026-06-29,Japan,F,1983,0.0,1.0,0.3457,0.16648,0.06662,0.02838,0.0107
2026-06-29,Senegal,I,1969,0.0,1.0,0.45492,0.2198,0.0755,0.02688,0.0099
2026-06-29,Croatia,L,1972,0.0,1.0,0.34666,0.11972,0.05846,0.02054,0.00798
2026-06-29,Ecuador,E,1961,0.0,1.0,0.42608,0.14646,0.05814,0.02292,0.00792
2026-06-29,Ivory Coast,E,1962,0.0,1.0,0.4258,0.15694,0.05918,0.02334,0.00758
2026-06-29,Sweden,F,1959,0.0,1.0,0.21304,0.09174,0.04014,0.01442,0.00532
2026-06-29,Algeria,J,1915,0.0,1.0,0.41862,0.1779,0.0552,0.01756,0.00506
2026-06-29,Egypt,G,1902,0.0,1.0,0.53992,0.1373,0.05718,0.01644,0.00374
2026-06-29,Austria,J,1936,0.0,1.0,0.23176,0.08072,0.03588,0.01094,0.00366
2026-06-29,Ghana,L,1894,0.0,1.0,0.35168,0.14942,0.04166,0.01244,0.0031
2026-06-29,DR Congo,K,1887,0.0,1.0,0.19244,0.07304,0.023,0.00708,0.00194
2026-06-29,Australia,D,1871,0.0,1.0,0.46008,0.0988,0.03772,0.0095,0.00192
2026-06-29,Paraguay,D,1889,0.0,1.0,0.28702,0.05622,0.01926,0.00534,0.00138
2026-06-29,Bosnia and Herzegovina,B,1865,0.0,1.0,0.29226,0.10472,0.02148,0.0046,0.0012
2026-06-29,Cape Verde,H,1818,0.0,1.0,0.11776,0.04886,0.01544,0.00284,0.0007
2026-06-29,South Africa,A,1810,0.0,1.0,0.0,0.0,0.0,0.0,0.0
2026-06-29,Turkey,D,1945,0.0,0.0,0.0,0.0,0.0,0.0,0.0
2026-06-29,Scotland,C,1884,0.0,0.0,0.0,0.0,0.0,0.0,0.0
2026-06-29,Haiti,C,1742,0.0,0.0,0.0,0.0,0.0,0.0,0.0
2026-06-29,Qatar,B,1711,0.0,0.0,0.0,0.0,0.0,0.0,0.0
2026-06-29,Czech Republic,A,1852,0.0,0.0,0.0,0.0,0.0,0.0,0.0
2026-06-29,South Korea,A,1857,0.0,0.0,0.0,0.0,0.0,0.0,0.0
2026-06-29,Curaçao,E,1722,0.0,0.0,0.0,0.0,0.0,0.0,0.0
2026-06-29,Tunisia,F,1778,0.0,0.0,0.0,0.0,0.0,0.0,0.0
2026-06-29,Uruguay,H,1941,0.0,0.0,0.0,0.0,0.0,0.0,0.0
2026-06-29,Saudi Arabia,H,1800,0.0,0.0,0.0,0.0,0.0,0.0,0.0
2026-06-29,Iran,G,1820,0.0,0.0,0.0,0.0,0.0,0.0,0.0
2026-06-29,New Zealand,G,1747,0.0,0.0,0.0,0.0,0.0,0.0,0.0
2026-06-29,Jordan,J,1734,0.0,0.0,0.0,0.0,0.0,0.0,0.0
2026-06-29,Iraq,I,1733,0.0,0.0,0.0,0.0,0.0,0.0,0.0
2026-06-29,Uzbekistan,K,1773,0.0,0.0,0.0,0.0,0.0,0.0,0.0
2026-06-29,Panama,L,1742,0.0,0.0,0.0,0.0,0.0,0.0,0.0
2026-06-30,France,I,2187,1.0,1.0,0.78482,0.67672,0.50176,0.32378,0.20136
2026-06-30,Argentina,J,2134,1.0,1.0,0.88178,0.71554,0.49998,0.27922,0.1516
2026-06-30,Brazil,C,2129,1.0,1.0,1.0,0.65934,0.38584,0.23306,0.12568
2026-06-30,Spain,H,2149,1.0,1.0,0.76852,0.46642,0.32586,0.1907,0.11102
2026-06-30,England,L,2131,1.0,1.0,0.807,0.53802,0.29858,0.17822,0.09636
2026-06-30,Portugal,K,2099,0.0,1.0,0.65776,0.3356,0.21214,0.1125,0.05808
2026-06-30,Morocco,C,2028,0.0,1.0,1.0,0.60678,0.24958,0.11288,0.049
2026-06-30,United States,D,1934,1.0,1.0,0.70294,0.3835,0.16004,0.06994,0.03024
2026-06-30,Colombia,K,2019,1.0,1.0,0.6486,0.37082,0.16664,0.0698,0.02678
2026-06-30,Mexico,A,1928,1.0,1.0,0.56968,0.24366,0.10224,0.04754,0.01958
2026-06-30,Norway,I,2027,0.0,1.0,0.57738,0.21766,0.09986,0.04688,0.0193
2026-06-30,Belgium,G,2006,1.0,1.0,0.54396,0.29036,0.11304,0.04558,0.01862
2026-06-30,Switzerland,B,1986,1.0,1.0,0.57938,0.29712,0.12148,0.04654,0.0162
2026-06-30,Canada,B,1842,0.0,1.0,1.0,0.39322,0.11568,0.0384,0.01294
2026-06-30,Senegal,I,1969,0.0,1.0,0.45604,0.21956,0.07512,0.02528,0.00902
2026-06-30,Sweden,F,1959,0.0,1.0,0.21518,0.12148,0.05646,0.02152,0.0074
2026-06-30,Croatia,L,1972,0.0,1.0,0.34224,0.11616,0.05462,0.01998,0.00736
2026-06-30,Ecuador,E,1961,0.0,1.0,0.43032,0.14684,0.0502,0.02094,0.00706
2026-06-30,Ivory Coast,E,1962,0.0,1.0,0.42262,0.123,0.04558,0.01872,0.00656
2026-06-30,Paraguay,D,1895,0.0,1.0,1.0,0.2018,0.07652,0.02218,0.00602
2026-06-30,Egypt,G,1902,0.0,1.0,0.53558,0.13362,0.05682,0.0153,0.00414
2026-06-30,Austria,J,1936,0.0,1.0,0.23148,0.08182,0.03628,0.0119,0.00386
2026-06-30,Algeria,J,1915,0.0,1.0,0.42062,0.17962,0.05666,0.01602,0.00382
2026-06-30,Ghana,L,1894,0.0,1.0,0.3514,0.15244,0.04442,0.01122,0.00304
2026-06-30,Australia,D,1871,0.0,1.0,0.46442,0.10088,0.03866,0.009,0.00204
2026-06-30,Bosnia and Herzegovina,B,1865,0.0,1.0,0.29706,0.10658,0.0229,0.00536,0.00128
2026-06-30,DR Congo,K,1887,0.0,1.0,0.193,0.07148,0.0177,0.00498,0.00122
2026-06-30,Cape Verde,H,1818,0.0,1.0,0.11822,0.04996,0.01534,0.00256,0.00042
2026-06-30,Czech Republic,A,1852,0.0,0.0,0.0,0.0,0.0,0.0,0.0
2026-06-30,South Korea,A,1857,0.0,0.0,0.0,0.0,0.0,0.0,0.0
2026-06-30,South Africa,A,1810,0.0,1.0,0.0,0.0,0.0,0.0,0.0
2026-06-30,Qatar,B,1710,0.0,0.0,0.0,0.0,0.0,0.0,0.0
2026-06-30,Turkey,D,1945,0.0,0.0,0.0,0.0,0.0,0.0,0.0
2026-06-30,Scotland,C,1884,0.0,0.0,0.0,0.0,0.0,0.0,0.0
2026-06-30,Haiti,C,1742,0.0,0.0,0.0,0.0,0.0,0.0,0.0
2026-06-30,Uruguay,H,1941,0.0,0.0,0.0,0.0,0.0,0.0,0.0
2026-06-30,Germany,E,2057,1.0,1.0,0.0,0.0,0.0,0.0,0.0
2026-06-30,Netherlands,F,2074,1.0,1.0,0.0,0.0,0.0,0.0,0.0
2026-06-30,Japan,F,1968,0.0,1.0,0.0,0.0,0.0,0.0,0.0
2026-06-30,Tunisia,F,1777,0.0,0.0,0.0,0.0,0.0,0.0,0.0
2026-06-30,Curaçao,E,1721,0.0,0.0,0.0,0.0,0.0,0.0,0.0
2026-06-30,Saudi Arabia,H,1799,0.0,0.0,0.0,0.0,0.0,0.0,0.0
2026-06-30,Iran,G,1820,0.0,0.0,0.0,0.0,0.0,0.0,0.0
2026-06-30,New Zealand,G,1747,0.0,0.0,0.0,0.0,0.0,0.0,0.0
2026-06-30,Jordan,J,1734,0.0,0.0,0.0,0.0,0.0,0.0,0.0
2026-06-30,Iraq,I,1733,0.0,0.0,0.0,0.0,0.0,0.0,0.0
2026-06-30,Uzbekistan,K,1773,0.0,0.0,0.0,0.0,0.0,0.0,0.0
2026-06-30,Panama,L,1742,0.0,0.0,0.0,0.0,0.0,0.0,0.0
2026-07-01,France,I,2195,1.0,1.0,1.0,0.86748,0.65482,0.43168,0.2725
2026-07-01,Argentina,J,2134,1.0,1.0,0.88186,0.7164,0.50334,0.27536,0.14264
2026-07-01,Brazil,C,2129,1.0,1.0,1.0,0.60276,0.3397,0.20336,0.10598
2026-07-01,Spain,H,2149,1.0,1.0,0.7678,0.47306,0.3286,0.17614,0.10106
2026-07-01,England,L,2131,1.0,1.0,0.81044,0.4866,0.26222,0.15926,0.08216
2026-07-01,Portugal,K,2099,0.0,1.0,0.6504,0.3255,0.20486,0.09676,0.04924
2026-07-01,Morocco,C,2028,0.0,1.0,1.0,0.6073,0.20614,0.0929,0.04112
2026-07-01,Mexico,A,1949,1.0,1.0,1.0,0.45636,0.2027,0.10104,0.04066
2026-07-01,Norway,I,2041,0.0,1.0,1.0,0.39724,0.18266,0.09194,0.0362
2026-07-01,United States,D,1934,1.0,1.0,0.7049,0.38582,0.1626,0.06284,0.02756
2026-07-01,Colombia,K,2019,1.0,1.0,0.64754,0.36948,0.16696,0.06958,0.02608
2026-07-01,Belgium,G,2006,1.0,1.0,0.5398,0.28704,0.11388,0.0402,0.0155
2026-07-01,Switzerland,B,1986,1.0,1.0,0.5863,0.3019,0.12204,0.0437,0.01492
2026-07-01,Canada,B,1842,0.0,1.0,1.0,0.3927,0.0878,0.03036,0.00994
2026-07-01,Senegal,I,1969,0.0,1.0,0.4602,0.22252,0.07648,0.02306,0.00778
2026-07-01,Croatia,L,1972,0.0,1.0,0.3496,0.11902,0.0562,0.01746,0.00624
2026-07-01,Paraguay,D,1895,0.0,1.0,1.0,0.13252,0.05124,0.01456,0.00398
2026-07-01,Algeria,J,1915,0.0,1.0,0.4137,0.1771,0.05618,0.01546,0.00372
2026-07-01,Austria,J,1936,0.0,1.0,0.2322,0.08242,0.03462,0.01002,0.00324
2026-07-01,Egypt,G,1902,0.0,1.0,0.53628,0.13492,0.05442,0.0142,0.00324
2026-07-01,Ghana,L,1894,0.0,1.0,0.35246,0.15152,0.04462,0.01118,0.00242
2026-07-01,Australia,D,1871,0.0,1.0,0.46372,0.0997,0.03762,0.00838,0.00174
2026-07-01,Bosnia and Herzegovina,B,1865,0.0,1.0,0.2951,0.10462,0.02276,0.00402,0.00088
2026-07-01,DR Congo,K,1887,0.0,1.0,0.18956,0.05704,0.01272,0.00418,0.00082
2026-07-01,Cape Verde,H,1818,0.0,1.0,0.11814,0.04898,0.01482,0.00236,0.00038
2026-07-01,Turkey,D,1945,0.0,0.0,0.0,0.0,0.0,0.0,0.0
2026-07-01,Haiti,C,1742,0.0,0.0,0.0,0.0,0.0,0.0,0.0
2026-07-01,Scotland,C,1884,0.0,0.0,0.0,0.0,0.0,0.0,0.0
2026-07-01,Czech Republic,A,1852,0.0,0.0,0.0,0.0,0.0,0.0,0.0
2026-07-01,South Korea,A,1857,0.0,0.0,0.0,0.0,0.0,0.0,0.0
2026-07-01,South Africa,A,1810,0.0,1.0,0.0,0.0,0.0,0.0,0.0
2026-07-01,Qatar,B,1711,0.0,0.0,0.0,0.0,0.0,0.0,0.0
2026-07-01,Uruguay,H,1941,0.0,0.0,0.0,0.0,0.0,0.0,0.0
2026-07-01,Saudi Arabia,H,1800,0.0,0.0,0.0,0.0,0.0,0.0,0.0
2026-07-01,Iran,G,1820,0.0,0.0,0.0,0.0,0.0,0.0,0.0
2026-07-01,New Zealand,G,1747,0.0,0.0,0.0,0.0,0.0,0.0,0.0
2026-07-01,Netherlands,F,2074,1.0,1.0,0.0,0.0,0.0,0.0,0.0
2026-07-01,Japan,F,1968,0.0,1.0,0.0,0.0,0.0,0.0,0.0
2026-07-01,Sweden,F,1951,0.0,1.0,0.0,0.0,0.0,0.0,0.0
2026-07-01,Tunisia,F,1778,0.0,0.0,0.0,0.0,0.0,0.0,0.0
2026-07-01,Ecuador,E,1940,0.0,1.0,0.0,0.0,0.0,0.0,0.0
2026-07-01,Ivory Coast,E,1948,0.0,1.0,0.0,0.0,0.0,0.0,0.0
2026-07-01,Curaçao,E,1721,0.0,0.0,0.0,0.0,0.0,0.0,0.0
2026-07-01,Germany,E,2057,1.0,1.0,0.0,0.0,0.0,0.0,0.0
2026-07-01,Jordan,J,1734,0.0,0.0,0.0,0.0,0.0,0.0,0.0
2026-07-01,Iraq,I,1733,0.0,0.0,0.0,0.0,0.0,0.0,0.0
2026-07-01,Uzbekistan,K,1773,0.0,0.0,0.0,0.0,0.0,0.0,0.0
2026-07-01,Panama,L,1742,0.0,0.0,0.0,0.0,0.0,0.0,0.0
2026-07-02,France,I,2195,1.0,1.0,1.0,0.8673,0.65156,0.42352,0.26236
2026-07-02,Argentina,J,2135,1.0,1.0,0.88166,0.71372,0.5004,0.26856,0.1393
2026-07-02,England,L,2138,1.0,1.0,1.0,0.6109,0.3359,0.20754,0.108
2026-07-02,Brazil,C,2129,1.0,1.0,1.0,0.59962,0.32146,0.19452,0.10008
2026-07-02,Spain,H,2149,1.0,1.0,0.76896,0.46988,0.30376,0.16084,0.09138
2026-07-02,Portugal,K,2099,0.0,1.0,0.65484,0.33148,0.18938,0.09014,0.04608
2026-07-02,Morocco,C,2028,0.0,1.0,1.0,0.60792,0.20918,0.09276,0.04076
2026-07-02,United States,D,1944,1.0,1.0,1.0,0.51956,0.22508,0.08904,0.03912
2026-07-02,Norway,I,2041,0.0,1.0,1.0,0.40038,0.17294,0.08632,0.03508
2026-07-02,Mexico,A,1949,1.0,1.0,1.0,0.3891,0.1697,0.08562,0.03482
2026-07-02,Belgium,G,2024,1.0,1.0,1.0,0.48044,0.19944,0.07578,0.03188
2026-07-02,Colombia,K,2019,1.0,1.0,0.65022,0.3712,0.1658,0.0655,0.02574
2026-07-02,Switzerland,B,1986,1.0,1.0,0.58332,0.30138,0.12092,0.04244,0.0144
2026-07-02,Canada,B,1842,0.0,1.0,1.0,0.39208,0.08856,0.03038,0.00872
2026-07-02,Croatia,L,1973,0.0,1.0,0.34516,0.1181,0.0517,0.01546,0.00574
2026-07-02,Algeria,J,1915,0.0,1.0,0.41668,0.18032,0.05778,0.01574,0.00372
2026-07-02,Egypt,G,1902,0.0,1.0,0.5365,0.13796,0.05974,0.015,0.00316
2026-07-02,Paraguay,D,1895,0.0,1.0,1.0,0.1327,0.0507,0.01398,0.00316
2026-07-02,Austria,J,1937,0.0,1.0,0.23104,0.08054,0.03064,0.0081,0.00278
2026-07-02,Ghana,L,1894,0.0,1.0,0.34978,0.1471,0.04256,0.0092,0.00168
2026-07-02,Australia,D,1871,0.0,1.0,0.4635,0.10122,0.03802,0.00746,0.00152
2026-07-02,Cape Verde,H,1817,0.0,1.0,0.11834,0.0471,0.01478,0.0021,0.00052
2026-07-02,Qatar,B,1710,0.0,0.0,0.0,0.0,0.0,0.0,0.0
2026-07-02,Bosnia and Herzegovina,B,1855,0.0,1.0,0.0,0.0,0.0,0.0,0.0
2026-07-02,Turkey,D,1945,0.0,0.0,0.0,0.0,0.0,0.0,0.0
2026-07-02,Scotland,C,1884,0.0,0.0,0.0,0.0,0.0,0.0,0.0
2026-07-02,Haiti,C,1742,0.0,0.0,0.0,0.0,0.0,0.0,0.0
2026-07-02,South Africa,A,1809,0.0,1.0,0.0,0.0,0.0,0.0,0.0
2026-07-02,Czech Republic,A,1852,0.0,0.0,0.0,0.0,0.0,0.0,0.0
2026-07-02,South Korea,A,1857,0.0,0.0,0.0,0.0,0.0,0.0,0.0
2026-07-02,Germany,E,2057,1.0,1.0,0.0,0.0,0.0,0.0,0.0
2026-07-02,Curaçao,E,1721,0.0,0.0,0.0,0.0,0.0,0.0,0.0
2026-07-02,Uruguay,H,1941,0.0,0.0,0.0,0.0,0.0,0.0,0.0
2026-07-02,Saudi Arabia,H,1799,0.0,0.0,0.0,0.0,0.0,0.0,0.0
2026-07-02,Iran,G,1820,0.0,0.0,0.0,0.0,0.0,0.0,0.0
2026-07-02,New Zealand,G,1747,0.0,0.0,0.0,0.0,0.0,0.0,0.0
2026-07-02,Netherlands,F,2074,1.0,1.0,0.0,0.0,0.0,0.0,0.0
2026-07-02,Japan,F,1968,0.0,1.0,0.0,0.0,0.0,0.0,0.0
2026-07-02,Sweden,F,1951,0.0,1.0,0.0,0.0,0.0,0.0,0.0
2026-07-02,Tunisia,F,1777,0.0,0.0,0.0,0.0,0.0,0.0,0.0
2026-07-02,Ecuador,E,1940,0.0,1.0,0.0,0.0,0.0,0.0,0.0
2026-07-02,Ivory Coast,E,1948,0.0,1.0,0.0,0.0,0.0,0.0,0.0
2026-07-02,Senegal,I,1951,0.0,1.0,0.0,0.0,0.0,0.0,0.0
2026-07-02,Iraq,I,1733,0.0,0.0,0.0,0.0,0.0,0.0,0.0
2026-07-02,Jordan,J,1733,0.0,0.0,0.0,0.0,0.0,0.0,0.0
2026-07-02,DR Congo,K,1880,0.0,1.0,0.0,0.0,0.0,0.0,0.0
2026-07-02,Uzbekistan,K,1773,0.0,0.0,0.0,0.0,0.0,0.0,0.0
2026-07-02,Panama,L,1742,0.0,0.0,0.0,0.0,0.0,0.0,0.0
2026-07-03,France,I,2196,1.0,1.0,1.0,0.86966,0.65198,0.402,0.25274
2026-07-03,Argentina,J,2135,1.0,1.0,0.88372,0.71736,0.4804,0.2582,0.13106
2026-07-03,Spain,H,2160,1.0,1.0,1.0,0.55522,0.36442,0.19998,0.11592
2026-07-03,England,L,2138,1.0,1.0,1.0,0.61104,0.3366,0.20458,0.10446
2026-07-03,Brazil,C,2129,1.0,1.0,1.0,0.60184,0.32072,0.19094,0.09584
2026-07-03,Portugal,K,2116,0.0,1.0,1.0,0.44478,0.26522,0.13084,0.06892
2026-07-03,Morocco,C,2028,0.0,1.0,1.0,0.60426,0.2096,0.08652,0.0356
2026-07-03,Switzerland,B,2010,1.0,1.0,1.0,0.53962,0.23328,0.09124,0.03282
2026-07-03,United States,D,1944,1.0,1.0,1.0,0.51404,0.19544,0.07616,0.0327
2026-07-03,Mexico,A,1949,1.0,1.0,1.0,0.38896,0.17188,0.08364,0.03252
2026-07-03,Norway,I,2041,0.0,1.0,1.0,0.39816,0.1708,0.08122,0.03168
2026-07-03,Belgium,G,2024,1.0,1.0,1.0,0.48596,0.17492,0.06634,0.02762
2026-07-03,Colombia,K,2019,1.0,1.0,0.65068,0.33224,0.14816,0.05866,0.02106
2026-07-03,Canada,B,1842,0.0,1.0,1.0,0.39574,0.08768,0.02604,0.00786
2026-07-03,Paraguay,D,1895,0.0,1.0,1.0,0.13034,0.05074,0.01212,0.00286
2026-07-03,Egypt,G,1902,0.0,1.0,0.53574,0.13422,0.05246,0.01306,0.00262
2026-07-03,Ghana,L,1894,0.0,1.0,0.34932,0.12814,0.03842,0.00902,0.00198
2026-07-03,Australia,D,1871,0.0,1.0,0.46426,0.09838,0.0338,0.00752,0.00148
2026-07-03,Cape Verde,H,1817,0.0,1.0,0.11628,0.05004,0.01348,0.00192,0.00026
2026-07-03,South Africa,A,1809,0.0,1.0,0.0,0.0,0.0,0.0,0.0
2026-07-03,Czech Republic,A,1852,0.0,0.0,0.0,0.0,0.0,0.0,0.0
2026-07-03,South Korea,A,1857,0.0,0.0,0.0,0.0,0.0,0.0,0.0
2026-07-03,Qatar,B,1710,0.0,0.0,0.0,0.0,0.0,0.0,0.0
2026-07-03,Bosnia and Herzegovina,B,1855,0.0,1.0,0.0,0.0,0.0,0.0,0.0
2026-07-03,Turkey,D,1945,0.0,0.0,0.0,0.0,0.0,0.0,0.0
2026-07-03,Scotland,C,1884,0.0,0.0,0.0,0.0,0.0,0.0,0.0
2026-07-03,Haiti,C,1741,0.0,0.0,0.0,0.0,0.0,0.0,0.0
2026-07-03,Tunisia,F,1777,0.0,0.0,0.0,0.0,0.0,0.0,0.0
2026-07-03,Germany,E,2057,1.0,1.0,0.0,0.0,0.0,0.0,0.0
2026-07-03,Curaçao,E,1721,0.0,0.0,0.0,0.0,0.0,0.0,0.0
2026-07-03,Ivory Coast,E,1948,0.0,1.0,0.0,0.0,0.0,0.0,0.0
2026-07-03,Ecuador,E,1940,0.0,1.0,0.0,0.0,0.0,0.0,0.0
2026-07-03,Uruguay,H,1941,0.0,0.0,0.0,0.0,0.0,0.0,0.0
2026-07-03,Saudi Arabia,H,1799,0.0,0.0,0.0,0.0,0.0,0.0,0.0
2026-07-03,Iran,G,1820,0.0,0.0,0.0,0.0,0.0,0.0,0.0
2026-07-03,New Zealand,G,1747,0.0,0.0,0.0,0.0,0.0,0.0,0.0
2026-07-03,Netherlands,F,2075,1.0,1.0,0.0,0.0,0.0,0.0,0.0
2026-07-03,Japan,F,1969,0.0,1.0,0.0,0.0,0.0,0.0,0.0
2026-07-03,Sweden,F,1952,0.0,1.0,0.0,0.0,0.0,0.0,0.0
2026-07-03,Senegal,I,1952,0.0,1.0,0.0,0.0,0.0,0.0,0.0
2026-07-03,Jordan,J,1733,0.0,0.0,0.0,0.0,0.0,0.0,0.0
2026-07-03,Austria,J,1926,0.0,1.0,0.0,0.0,0.0,0.0,0.0
2026-07-03,Algeria,J,1891,0.0,1.0,0.0,0.0,0.0,0.0,0.0
2026-07-03,Iraq,I,1732,0.0,0.0,0.0,0.0,0.0,0.0,0.0
2026-07-03,Uzbekistan,K,1773,0.0,0.0,0.0,0.0,0.0,0.0,0.0
2026-07-03,DR Congo,K,1880,0.0,1.0,0.0,0.0,0.0,0.0,0.0
2026-07-03,Croatia,L,1957,0.0,1.0,0.0,0.0,0.0,0.0,0.0
2026-07-03,Panama,L,1741,0.0,0.0,0.0,0.0,0.0,0.0,0.0
2026-07-04,France,I,2196,1.0,1.0,1.0,0.86864,0.65532,0.40278,0.25016
2026-07-04,Argentina,J,2137,1.0,1.0,1.0,0.79176,0.50916,0.2756,0.1415
2026-07-04,Spain,H,2160,1.0,1.0,1.0,0.55124,0.36274,0.199,0.11206
2026-07-04,England,L,2139,1.0,1.0,1.0,0.61184,0.3384,0.20012,0.10188
2026-07-04,Brazil,C,2129,1.0,1.0,1.0,0.60256,0.31958,0.18304,0.09068
2026-07-04,Portugal,K,2116,0.0,1.0,1.0,0.44876,0.2689,0.13136,0.06934
2026-07-04,Morocco,C,2028,0.0,1.0,1.0,0.6061,0.20522,0.0833,0.03442
2026-07-04,United States,D,1944,1.0,1.0,1.0,0.51588,0.19456,0.07704,0.0337
2026-07-04,Mexico,A,1949,1.0,1.0,1.0,0.38816,0.17348,0.08128,0.03188
2026-07-04,Norway,I,2042,0.0,1.0,1.0,0.39744,0.16854,0.07932,0.03174
2026-07-04,Colombia,K,2023,1.0,1.0,1.0,0.5109,0.21502,0.08558,0.0316
2026-07-04,Belgium,G,2024,1.0,1.0,1.0,0.48412,0.1738,0.0676,0.02816
2026-07-04,Switzerland,B,2010,1.0,1.0,1.0,0.4891,0.19858,0.0764,0.02776
2026-07-04,Canada,B,1842,0.0,1.0,1.0,0.3939,0.08766,0.02602,0.00826
2026-07-04,Egypt,G,1905,0.0,1.0,1.0,0.20824,0.07724,0.01866,0.0039
2026-07-04,Paraguay,D,1895,0.0,1.0,1.0,0.13136,0.0518,0.0129,0.00296
2026-07-04,Turkey,D,1945,0.0,0.0,0.0,0.0,0.0,0.0,0.0
2026-07-04,Australia,D,1868,0.0,1.0,0.0,0.0,0.0,0.0,0.0
2026-07-04,Haiti,C,1741,0.0,0.0,0.0,0.0,0.0,0.0,0.0
2026-07-04,Scotland,C,1884,0.0,0.0,0.0,0.0,0.0,0.0,0.0
2026-07-04,Czech Republic,A,1852,0.0,0.0,0.0,0.0,0.0,0.0,0.0
2026-07-04,South Korea,A,1857,0.0,0.0,0.0,0.0,0.0,0.0,0.0
2026-07-04,Qatar,B,1710,0.0,0.0,0.0,0.0,0.0,0.0,0.0
2026-07-04,Bosnia and Herzegovina,B,1855,0.0,1.0,0.0,0.0,0.0,0.0,0.0
2026-07-04,South Africa,A,1809,0.0,1.0,0.0,0.0,0.0,0.0,0.0
2026-07-04,Sweden,F,1952,0.0,1.0,0.0,0.0,0.0,0.0,0.0
2026-07-04,Tunisia,F,1777,0.0,0.0,0.0,0.0,0.0,0.0,0.0
2026-07-04,Germany,E,2057,1.0,1.0,0.0,0.0,0.0,0.0,0.0
2026-07-04,Netherlands,F,2075,1.0,1.0,0.0,0.0,0.0,0.0,0.0
2026-07-04,Curaçao,E,1721,0.0,0.0,0.0,0.0,0.0,0.0,0.0
2026-07-04,Ivory Coast,E,1948,0.0,1.0,0.0,0.0,0.0,0.0,0.0
2026-07-04,Ecuador,E,1940,0.0,1.0,0.0,0.0,0.0,0.0,0.0
2026-07-04,Uruguay,H,1941,0.0,0.0,0.0,0.0,0.0,0.0,0.0
2026-07-04,Saudi Arabia,H,1799,0.0,0.0,0.0,0.0,0.0,0.0,0.0
2026-07-04,Cape Verde,H,1815,0.0,1.0,0.0,0.0,0.0,0.0,0.0
2026-07-04,New Zealand,G,1747,0.0,0.0,0.0,0.0,0.0,0.0,0.0
2026-07-04,Iran,G,1820,0.0,0.0,0.0,0.0,0.0,0.0,0.0
2026-07-04,Japan,F,1969,0.0,1.0,0.0,0.0,0.0,0.0,0.0
2026-07-04,Iraq,I,1732,0.0,0.0,0.0,0.0,0.0,0.0,0.0
2026-07-04,Senegal,I,1952,0.0,1.0,0.0,0.0,0.0,0.0,0.0
2026-07-04,Jordan,J,1733,0.0,0.0,0.0,0.0,0.0,0.0,0.0
2026-07-04,Austria,J,1926,0.0,1.0,0.0,0.0,0.0,0.0,0.0
2026-07-04,Algeria,J,1891,0.0,1.0,0.0,0.0,0.0,0.0,0.0
2026-07-04,DR Congo,K,1880,0.0,1.0,0.0,0.0,0.0,0.0,0.0
2026-07-04,Uzbekistan,K,1773,0.0,0.0,0.0,0.0,0.0,0.0,0.0
2026-07-04,Croatia,L,1957,0.0,1.0,0.0,0.0,0.0,0.0,0.0
2026-07-04,Ghana,L,1891,0.0,1.0,0.0,0.0,0.0,0.0,0.0
2026-07-04,Panama,L,1741,0.0,0.0,0.0,0.0,0.0,0.0,0.0
2026-07-05,France,I,2203,1.0,1.0,1.0,1.0,0.68954,0.42912,0.26964
2026-07-05,Argentina,J,2137,1.0,1.0,1.0,0.79202,0.51112,0.2791,0.13692
2026-07-05,Spain,H,2161,1.0,1.0,1.0,0.55546,0.3639,0.18546,0.10636
2026-07-05,England,L,2139,1.0,1.0,1.0,0.61256,0.33366,0.19446,0.09582
2026-07-05,Brazil,C,2130,1.0,1.0,1.0,0.60362,0.3252,0.18418,0.09136
2026-07-05,Portugal,K,2116,0.0,1.0,1.0,0.44454,0.26584,0.12044,0.06274
2026-07-05,Morocco,C,2050,0.0,1.0,1.0,1.0,0.31046,0.13634,0.06128
2026-07-05,Norway,I,2042,0.0,1.0,1.0,0.39638,0.17074,0.07954,0.03086
2026-07-05,Mexico,A,1949,1.0,1.0,1.0,0.38744,0.1704,0.07932,0.03078
2026-07-05,United States,D,1944,1.0,1.0,1.0,0.52038,0.19652,0.07084,0.03066
2026-07-05,Colombia,K,2023,1.0,1.0,1.0,0.51594,0.21592,0.08662,0.03024
2026-07-05,Switzerland,B,2010,1.0,1.0,1.0,0.48406,0.19724,0.07766,0.02574
2026-07-05,Belgium,G,2024,1.0,1.0,1.0,0.47962,0.17374,0.0578,0.02398
2026-07-05,Egypt,G,1905,0.0,1.0,1.0,0.20798,0.07572,0.01912,0.00362
2026-07-05,South Korea,A,1857,0.0,0.0,0.0,0.0,0.0,0.0,0.0
2026-07-05,Czech Republic,A,1852,0.0,0.0,0.0,0.0,0.0,0.0,0.0
2026-07-05,Turkey,D,1945,0.0,0.0,0.0,0.0,0.0,0.0,0.0
2026-07-05,Australia,D,1867,0.0,1.0,0.0,0.0,0.0,0.0,0.0
2026-07-05,Paraguay,D,1888,0.0,1.0,1.0,0.0,0.0,0.0,0.0
2026-07-05,Scotland,C,1884,0.0,0.0,0.0,0.0,0.0,0.0,0.0
2026-07-05,Haiti,C,1741,0.0,0.0,0.0,0.0,0.0,0.0,0.0
2026-07-05,Canada,B,1820,0.0,1.0,1.0,0.0,0.0,0.0,0.0
2026-07-05,Qatar,B,1709,0.0,0.0,0.0,0.0,0.0,0.0,0.0
2026-07-05,Bosnia and Herzegovina,B,1855,0.0,1.0,0.0,0.0,0.0,0.0,0.0
2026-07-05,South Africa,A,1809,0.0,1.0,0.0,0.0,0.0,0.0,0.0
2026-07-05,Sweden,F,1952,0.0,1.0,0.0,0.0,0.0,0.0,0.0
2026-07-05,Tunisia,F,1777,0.0,0.0,0.0,0.0,0.0,0.0,0.0
2026-07-05,Germany,E,2058,1.0,1.0,0.0,0.0,0.0,0.0,0.0
2026-07-05,Netherlands,F,2075,1.0,1.0,0.0,0.0,0.0,0.0,0.0
2026-07-05,Curaçao,E,1720,0.0,0.0,0.0,0.0,0.0,0.0,0.0
2026-07-05,Ivory Coast,E,1948,0.0,1.0,0.0,0.0,0.0,0.0,0.0
2026-07-05,Ecuador,E,1941,0.0,1.0,0.0,0.0,0.0,0.0,0.0
2026-07-05,Uruguay,H,1941,0.0,0.0,0.0,0.0,0.0,0.0,0.0
2026-07-05,Saudi Arabia,H,1798,0.0,0.0,0.0,0.0,0.0,0.0,0.0
2026-07-05,Cape Verde,H,1815,0.0,1.0,0.0,0.0,0.0,0.0,0.0
2026-07-05,New Zealand,G,1746,0.0,0.0,0.0,0.0,0.0,0.0,0.0
2026-07-05,Iran,G,1819,0.0,0.0,0.0,0.0,0.0,0.0,0.0
2026-07-05,Japan,F,1969,0.0,1.0,0.0,0.0,0.0,0.0,0.0
2026-07-05,Iraq,I,1732,0.0,0.0,0.0,0.0,0.0,0.0,0.0
2026-07-05,Senegal,I,1952,0.0,1.0,0.0,0.0,0.0,0.0,0.0
2026-07-05,Jordan,J,1732,0.0,0.0,0.0,0.0,0.0,0.0,0.0
2026-07-05,Austria,J,1926,0.0,1.0,0.0,0.0,0.0,0.0,0.0
2026-07-05,Algeria,J,1892,0.0,1.0,0.0,0.0,0.0,0.0,0.0
2026-07-05,DR Congo,K,1880,0.0,1.0,0.0,0.0,0.0,0.0,0.0
2026-07-05,Uzbekistan,K,1773,0.0,0.0,0.0,0.0,0.0,0.0,0.0
2026-07-05,Croatia,L,1957,0.0,1.0,0.0,0.0,0.0,0.0,0.0
2026-07-05,Ghana,L,1891,0.0,1.0,0.0,0.0,0.0,0.0,0.0
2026-07-05,Panama,L,1741,0.0,0.0,0.0,0.0,0.0,0.0,0.0
